{
	"start":	{
		"connected":	[{
				"socket":	5,
				"local_host":	"127.0.0.1",
				"local_port":	36948,
				"remote_host":	"127.0.0.1",
				"remote_port":	5201
			}],
		"version":	"iperf 3.16",
		"system_info":	"Linux ubuntuvm-VirtualBox 6.17.0-19-generic #19~24.04.2-Ubuntu SMP PREEMPT_DYNAMIC Fri Mar  6 23:08:46 UTC 2 x86_64",
		"timestamp":	{
			"time":	"Tue, 24 Mar 2026 16:20:28 GMT",
			"timesecs":	1774369228
		},
		"connecting_to":	{
			"host":	"127.0.0.1",
			"port":	5201
		},
		"cookie":	"swldqizaa3qdg26makex3shh3kueqrn5kvci",
		"target_bitrate":	10000000000,
		"fq_rate":	0,
		"sock_bufsize":	0,
		"sndbuf_actual":	212992,
		"rcvbuf_actual":	212992,
		"test_start":	{
			"protocol":	"UDP",
			"num_streams":	1,
			"blksize":	32768,
			"omit":	0,
			"duration":	30,
			"bytes":	0,
			"blocks":	0,
			"reverse":	0,
			"tos":	0,
			"target_bitrate":	10000000000,
			"bidir":	0,
			"fqrate":	0
		}
	},
	"intervals":	[{
			"streams":	[{
					"socket":	5,
					"start":	0,
					"end":	1.00015,
					"seconds":	1.0001499652862549,
					"bytes":	1239678976,
					"bits_per_second":	9915944760.5055,
					"packets":	37833,
					"omitted":	false,
					"sender":	true
				}],
			"sum":	{
				"start":	0,
				"end":	1.00015,
				"seconds":	1.0001499652862549,
				"bytes":	1239678976,
				"bits_per_second":	9915944760.5055,
				"packets":	37833,
				"omitted":	false,
				"sender":	true
			}
		}, {
			"streams":	[{
					"socket":	5,
					"start":	1.00015,
					"end":	2.000137,
					"seconds":	0.999987006187439,
					"bytes":	1259929600,
					"bits_per_second":	10079567772.014326,
					"packets":	38450,
					"omitted":	false,
					"sender":	true
				}],
			"sum":	{
				"start":	1.00015,
				"end":	2.000137,
				"seconds":	0.999987006187439,
				"bytes":	1259929600,
				"bits_per_second":	10079567772.014326,
				"packets":	38450,
				"omitted":	false,
				"sender":	true
			}
		}, {
			"streams":	[{
					"socket":	5,
					"start":	2.000137,
					"end":	3.014949,
					"seconds":	1.0148119926452637,
					"bytes":	1249574912,
					"bits_per_second":	9850690934.32994,
					"packets":	38134,
					"omitted":	false,
					"sender":	true
				}],
			"sum":	{
				"start":	2.000137,
				"end":	3.014949,
				"seconds":	1.0148119926452637,
				"bytes":	1249574912,
				"bits_per_second":	9850690934.32994,
				"packets":	38134,
				"omitted":	false,
				"sender":	true
			}
		}, {
			"streams":	[{
					"socket":	5,
					"start":	3.014949,
					"end":	4.009187,
					"seconds":	0.994238018989563,
					"bytes":	1241513984,
					"bits_per_second":	9989672173.36341,
					"packets":	37889,
					"omitted":	false,
					"sender":	true
				}],
			"sum":	{
				"start":	3.014949,
				"end":	4.009187,
				"seconds":	0.994238018989563,
				"bytes":	1241513984,
				"bits_per_second":	9989672173.36341,
				"packets":	37889,
				"omitted":	false,
				"sender":	true
			}
		}, {
			"streams":	[{
					"socket":	5,
					"start":	4.009187,
					"end":	5.008886,
					"seconds":	0.99969899654388428,
					"bytes":	1248854016,
					"bits_per_second":	9993840308.47272,
					"packets":	38112,
					"omitted":	false,
					"sender":	true
				}],
			"sum":	{
				"start":	4.009187,
				"end":	5.008886,
				"seconds":	0.99969899654388428,
				"bytes":	1248854016,
				"bits_per_second":	9993840308.47272,
				"packets":	38112,
				"omitted":	false,
				"sender":	true
			}
		}, {
			"streams":	[{
					"socket":	5,
					"start":	5.008886,
					"end":	6.001795,
					"seconds":	0.992909014225006,
					"bytes":	1242103808,
					"bits_per_second":	10007795600.240351,
					"packets":	37906,
					"omitted":	false,
					"sender":	true
				}],
			"sum":	{
				"start":	5.008886,
				"end":	6.001795,
				"seconds":	0.992909014225006,
				"bytes":	1242103808,
				"bits_per_second":	10007795600.240351,
				"packets":	37906,
				"omitted":	false,
				"sender":	true
			}
		}, {
			"streams":	[{
					"socket":	5,
					"start":	6.001795,
					"end":	7.000173,
					"seconds":	0.99837797880172729,
					"bytes":	1258782720,
					"bits_per_second":	10086622475.474194,
					"packets":	38415,
					"omitted":	false,
					"sender":	true
				}],
			"sum":	{
				"start":	6.001795,
				"end":	7.000173,
				"seconds":	0.99837797880172729,
				"bytes":	1258782720,
				"bits_per_second":	10086622475.474194,
				"packets":	38415,
				"omitted":	false,
				"sender":	true
			}
		}, {
			"streams":	[{
					"socket":	5,
					"start":	7.000173,
					"end":	8.00329,
					"seconds":	1.0031169652938843,
					"bytes":	1242595328,
					"bits_per_second":	9909873891.0149364,
					"packets":	37922,
					"omitted":	false,
					"sender":	true
				}],
			"sum":	{
				"start":	7.000173,
				"end":	8.00329,
				"seconds":	1.0031169652938843,
				"bytes":	1242595328,
				"bits_per_second":	9909873891.0149364,
				"packets":	37922,
				"omitted":	false,
				"sender":	true
			}
		}, {
			"streams":	[{
					"socket":	5,
					"start":	8.00329,
					"end":	9.006251,
					"seconds":	1.0029610395431519,
					"bytes":	1263140864,
					"bits_per_second":	10075293569.332344,
					"packets":	38548,
					"omitted":	false,
					"sender":	true
				}],
			"sum":	{
				"start":	8.00329,
				"end":	9.006251,
				"seconds":	1.0029610395431519,
				"bytes":	1263140864,
				"bits_per_second":	10075293569.332344,
				"packets":	38548,
				"omitted":	false,
				"sender":	true
			}
		}, {
			"streams":	[{
					"socket":	5,
					"start":	9.006251,
					"end":	10.010569,
					"seconds":	1.0043179988861084,
					"bytes":	1245347840,
					"bits_per_second":	9919948393.88495,
					"packets":	38004,
					"omitted":	false,
					"sender":	true
				}],
			"sum":	{
				"start":	9.006251,
				"end":	10.010569,
				"seconds":	1.0043179988861084,
				"bytes":	1245347840,
				"bits_per_second":	9919948393.88495,
				"packets":	38004,
				"omitted":	false,
				"sender":	true
			}
		}, {
			"streams":	[{
					"socket":	5,
					"start":	10.010569,
					"end":	11.000172,
					"seconds":	0.98960298299789429,
					"bytes":	1257504768,
					"bits_per_second":	10165731426.479952,
					"packets":	38376,
					"omitted":	false,
					"sender":	true
				}],
			"sum":	{
				"start":	10.010569,
				"end":	11.000172,
				"seconds":	0.98960298299789429,
				"bytes":	1257504768,
				"bits_per_second":	10165731426.479952,
				"packets":	38376,
				"omitted":	false,
				"sender":	true
			}
		}, {
			"streams":	[{
					"socket":	5,
					"start":	11.000172,
					"end":	12.000145,
					"seconds":	0.99997299909591675,
					"bytes":	1245773824,
					"bits_per_second":	9966459695.4222851,
					"packets":	38019,
					"omitted":	false,
					"sender":	true
				}],
			"sum":	{
				"start":	11.000172,
				"end":	12.000145,
				"seconds":	0.99997299909591675,
				"bytes":	1245773824,
				"bits_per_second":	9966459695.4222851,
				"packets":	38019,
				"omitted":	false,
				"sender":	true
			}
		}, {
			"streams":	[{
					"socket":	5,
					"start":	12.000145,
					"end":	13.000123,
					"seconds":	0.999978005886078,
					"bytes":	1253638144,
					"bits_per_second":	10029325738.132847,
					"packets":	38259,
					"omitted":	false,
					"sender":	true
				}],
			"sum":	{
				"start":	12.000145,
				"end":	13.000123,
				"seconds":	0.999978005886078,
				"bytes":	1253638144,
				"bits_per_second":	10029325738.132847,
				"packets":	38259,
				"omitted":	false,
				"sender":	true
			}
		}, {
			"streams":	[{
					"socket":	5,
					"start":	13.000123,
					"end":	14.000813,
					"seconds":	1.00068998336792,
					"bytes":	1232207872,
					"bits_per_second":	9850866042.271225,
					"packets":	37614,
					"omitted":	false,
					"sender":	true
				}],
			"sum":	{
				"start":	13.000123,
				"end":	14.000813,
				"seconds":	1.00068998336792,
				"bytes":	1232207872,
				"bits_per_second":	9850866042.271225,
				"packets":	37614,
				"omitted":	false,
				"sender":	true
			}
		}, {
			"streams":	[{
					"socket":	5,
					"start":	14.000813,
					"end":	15.014986,
					"seconds":	1.0141730308532715,
					"bytes":	1267924992,