{
	"start":	{
		"connected":	[{
				"socket":	5,
				"local_host":	"127.0.0.1",
				"local_port":	39529,
				"remote_host":	"127.0.0.1",
				"remote_port":	5202
			}],
		"version":	"iperf 3.16",
		"system_info":	"Linux ubuntuvm-VirtualBox 6.17.0-19-generic #19~24.04.2-Ubuntu SMP PREEMPT_DYNAMIC Fri Mar  6 23:08:46 UTC 2 x86_64",
		"timestamp":	{
			"time":	"Wed, 25 Mar 2026 12:21:05 GMT",
			"timesecs":	1774441265
		},
		"connecting_to":	{
			"host":	"127.0.0.1",
			"port":	5202
		},
		"cookie":	"syu44n7kxmp4x3ktens6pjduxzgcwf2c3jqo",
		"target_bitrate":	0,
		"fq_rate":	0,
		"sock_bufsize":	0,
		"sndbuf_actual":	212992,
		"rcvbuf_actual":	212992,
		"test_start":	{
			"protocol":	"UDP",
			"num_streams":	1,
			"blksize":	32768,
			"omit":	0,
			"duration":	30,
			"bytes":	0,
			"blocks":	0,
			"reverse":	0,
			"tos":	0,
			"target_bitrate":	0,
			"bidir":	0,
			"fqrate":	0
		}
	},
	"intervals":	[{
			"streams":	[{
					"socket":	5,
					"start":	0,
					"end":	1.000981,
					"seconds":	1.0009809732437134,
					"bytes":	3388866560,
					"bits_per_second":	27084363444.13829,
					"packets":	103421,
					"omitted":	false,
					"sender":	true
				}],
			"sum":	{
				"start":	0,
				"end":	1.000981,
				"seconds":	1.0009809732437134,
				"bytes":	3388866560,
				"bits_per_second":	27084363444.13829,
				"packets":	103421,
				"omitted":	false,
				"sender":	true
			}
		}, {
			"streams":	[{
					"socket":	5,
					"start":	1.000981,
					"end":	2.000886,
					"seconds":	0.999904990196228,
					"bytes":	3373006848,
					"bits_per_second":	26986618777.3545,
					"packets":	102936,
					"omitted":	false,
					"sender":	true
				}],
			"sum":	{
				"start":	1.000981,
				"end":	2.000886,
				"seconds":	0.999904990196228,
				"bytes":	3373006848,
				"bits_per_second":	26986618777.3545,
				"packets":	102936,
				"omitted":	false,
				"sender":	true
			}
		}, {
			"streams":	[{
					"socket":	5,
					"start":	2.000886,
					"end":	3.000968,
					"seconds":	1.0000820159912109,
					"bytes":	3389194240,
					"bits_per_second":	27111330357.3677,
					"packets":	103430,
					"omitted":	false,
					"sender":	true
				}],
			"sum":	{
				"start":	2.000886,
				"end":	3.000968,
				"seconds":	1.0000820159912109,
				"bytes":	3389194240,
				"bits_per_second":	27111330357.3677,
				"packets":	103430,
				"omitted":	false,
				"sender":	true
			}
		}, {
			"streams":	[{
					"socket":	5,
					"start":	3.000968,
					"end":	4.000861,
					"seconds":	0.99989300966262817,
					"bytes":	3326607360,
					"bits_per_second":	26615706503.41819,
					"packets":	101520,
					"omitted":	false,
					"sender":	true
				}],
			"sum":	{
				"start":	3.000968,
				"end":	4.000861,
				"seconds":	0.99989300966262817,
				"bytes":	3326607360,
				"bits_per_second":	26615706503.41819,
				"packets":	101520,
				"omitted":	false,
				"sender":	true
			}
		}, {
			"streams":	[{
					"socket":	5,
					"start":	4.000861,
					"end":	5.000853,
					"seconds":	0.9999920129776,
					"bytes":	3472392192,
					"bits_per_second":	27779359410.365864,
					"packets":	105969,
					"omitted":	false,
					"sender":	true
				}],
			"sum":	{
				"start":	4.000861,
				"end":	5.000853,
				"seconds":	0.9999920129776,
				"bytes":	3472392192,
				"bits_per_second":	27779359410.365864,
				"packets":	105969,
				"omitted":	false,
				"sender":	true
			}
		}, {
			"streams":	[{
					"socket":	5,
					"start":	5.000853,
					"end":	6.000884,
					"seconds":	1.0000309944152832,
					"bytes":	3403907072,
					"bits_per_second":	27230412585.284,
					"packets":	103879,
					"omitted":	false,
					"sender":	true
				}],
			"sum":	{
				"start":	5.000853,
				"end":	6.000884,
				"seconds":	1.0000309944152832,
				"bytes":	3403907072,
				"bits_per_second":	27230412585.284,
				"packets":	103879,
				"omitted":	false,
				"sender":	true
			}
		}, {
			"streams":	[{
					"socket":	5,
					"start":	6.000884,
					"end":	7.000877,
					"seconds":	0.99999302625656128,
					"bytes":	3339223040,
					"bits_per_second":	26713970616.377308,
					"packets":	101905,
					"omitted":	false,
					"sender":	true
				}],
			"sum":	{
				"start":	6.000884,
				"end":	7.000877,
				"seconds":	0.99999302625656128,
				"bytes":	3339223040,
				"bits_per_second":	26713970616.377308,
				"packets":	101905,
				"omitted":	false,
				"sender":	true
			}
		}, {
			"streams":	[{
					"socket":	5,
					"start":	7.000877,
					"end":	8.000884,
					"seconds":	1.0000070333480835,
					"bytes":	3371171840,
					"bits_per_second":	26969185036.33411,
					"packets":	102880,
					"omitted":	false,
					"sender":	true
				}],
			"sum":	{
				"start":	7.000877,
				"end":	8.000884,
				"seconds":	1.0000070333480835,
				"bytes":	3371171840,
				"bits_per_second":	26969185036.33411,
				"packets":	102880,
				"omitted":	false,
				"sender":	true
			}
		}, {
			"streams":	[{
					"socket":	5,
					"start":	8.000884,
					"end":	9.000872,
					"seconds":	0.9999880194664,
					"bytes":	3504242688,
					"bits_per_second":	28034277369.601974,
					"packets":	106942,
					"omitted":	false,
					"sender":	true
				}],
			"sum":	{
				"start":	8.000884,
				"end":	9.000872,
				"seconds":	0.9999880194664,
				"bytes":	3504242688,
				"bits_per_second":	28034277369.601974,
				"packets":	106942,
				"omitted":	false,
				"sender":	true
			}
		}, {
			"streams":	[{
					"socket":	5,
					"start":	9.000872,
					"end":	10.000878,
					"seconds":	1.0000059604644775,
					"bytes":	3610148864,
					"bits_per_second":	28881018767.713558,
					"packets":	110173,
					"omitted":	false,
					"sender":	true
				}],
			"sum":	{
				"start":	9.000872,
				"end":	10.000878,
				"seconds":	1.0000059604644775,
				"bytes":	3610148864,
				"bits_per_second":	28881018767.713558,
				"packets":	110173,
				"omitted":	false,
				"sender":	true
			}
		}, {
			"streams":	[{
					"socket":	5,
					"start":	10.000878,
					"end":	11.000862,
					"seconds":	0.9999840259552002,
					"bytes":	3413114880,
					"bits_per_second":	27305355216.96751,
					"packets":	104160,
					"omitted":	false,
					"sender":	true
				}],
			"sum":	{
				"start":	10.000878,
				"end":	11.000862,
				"seconds":	0.9999840259552002,
				"bytes":	3413114880,
				"bits_per_second":	27305355216.96751,
				"packets":	104160,
				"omitted":	false,
				"sender":	true
			}
		}, {
			"streams":	[{
					"socket":	5,
					"start":	11.000862,
					"end":	12.000934,
					"seconds":	1.0000720024108887,
					"bytes":	3365568512,
					"bits_per_second":	26922609603.201157,
					"packets":	102709,
					"omitted":	false,
					"sender":	true
				}],
			"sum":	{
				"start":	11.000862,
				"end":	12.000934,
				"seconds":	1.0000720024108887,
				"bytes":	3365568512,
				"bits_per_second":	26922609603.201157,
				"packets":	102709,
				"omitted":	false,
				"sender":	true
			}
		}, {
			"streams":	[{
					"socket":	5,
					"start":	12.000934,
					"end":	13.000906,
					"seconds":	0.99997198581695557,
					"bytes":	3402104832,
					"bits_per_second":	27217601134.860222,
					"packets":	103824,
					"omitted":	false,
					"sender":	true
				}],
			"sum":	{
				"start":	12.000934,
				"end":	13.000906,
				"seconds":	0.99997198581695557,
				"bytes":	3402104832,
				"bits_per_second":	27217601134.860222,
				"packets":	103824,
				"omitted":	false,
				"sender":	true
			}
		}, {
			"streams":	[{
					"socket":	5,
					"start":	13.000906,
					"end":	14.000904,
					"seconds":	0.99999797344207764,
					"bytes":	3486580736,
					"bits_per_second":	27892702414.177055,
					"packets":	106402,
					"omitted":	false,
					"sender":	true
				}],
			"sum":	{
				"start":	13.000906,
				"end":	14.000904,
				"seconds":	0.99999797344207764,
				"bytes":	3486580736,
				"bits_per_second":	27892702414.177055,
				"packets":	106402,
				"omitted":	false,
				"sender":	true
			}
		}, {
			"streams":	[{
					"socket":	5,
					"start":	14.000904,
					"end":	15.00088,
					"seconds":	0.99997597932815552,
					"bytes":	2812739584,