{
	"start":	{
		"connected":	[{
				"socket":	5,
				"local_host":	"127.0.0.1",
				"local_port":	55302,
				"remote_host":	"127.0.0.1",
				"remote_port":	5202
			}],
		"version":	"iperf 3.16",
		"system_info":	"Linux ubuntuvm-VirtualBox 6.17.0-19-generic #19~24.04.2-Ubuntu SMP PREEMPT_DYNAMIC Fri Mar  6 23:08:46 UTC 2 x86_64",
		"timestamp":	{
			"time":	"Wed, 25 Mar 2026 12:30:09 GMT",
			"timesecs":	1774441809
		},
		"connecting_to":	{
			"host":	"127.0.0.1",
			"port":	5202
		},
		"cookie":	"k42saau5iruditzu6vpgm4zyf5zgzbyrbtf3",
		"tcp_mss_default":	32768,
		"target_bitrate":	0,
		"fq_rate":	0,
		"sock_bufsize":	0,
		"sndbuf_actual":	16384,
		"rcvbuf_actual":	131072,
		"test_start":	{
			"protocol":	"TCP",
			"num_streams":	1,
			"blksize":	1,
			"omit":	0,
			"duration":	30,
			"bytes":	0,
			"blocks":	0,
			"reverse":	0,
			"tos":	0,
			"target_bitrate":	0,
			"bidir":	0,
			"fqrate":	0
		}
	},
	"intervals":	[{
			"streams":	[{
					"socket":	5,
					"start":	0,
					"end":	1.001758,
					"seconds":	1.0017579793930054,
					"bytes":	1004327,
					"bits_per_second":	8020516.0979784857,
					"retransmits":	0,
					"snd_cwnd":	547840,
					"snd_wnd":	0,
					"rtt":	10335,
					"rttvar":	16089,
					"pmtu":	65535,
					"omitted":	false,
					"sender":	true
				}],
			"sum":	{
				"start":	0,
				"end":	1.001758,
				"seconds":	1.0017579793930054,
				"bytes":	1004327,
				"bits_per_second":	8020516.0979784857,
				"retransmits":	0,
				"omitted":	false,
				"sender":	true
			}
		}, {
			"streams":	[{
					"socket":	5,
					"start":	1.001758,
					"end":	2.016683,
					"seconds":	1.0149250030517578,
					"bytes":	1023591,
					"bits_per_second":	8068308.4714412168,
					"retransmits":	0,
					"snd_cwnd":	547840,
					"snd_wnd":	0,
					"rtt":	6086,
					"rttvar":	10645,
					"pmtu":	65535,
					"omitted":	false,
					"sender":	true
				}],
			"sum":	{
				"start":	1.001758,
				"end":	2.016683,
				"seconds":	1.0149250030517578,
				"bytes":	1023591,
				"bits_per_second":	8068308.4714412168,
				"retransmits":	0,
				"omitted":	false,
				"sender":	true
			}
		}, {
			"streams":	[{
					"socket":	5,
					"start":	2.016683,
					"end":	3.0126,
					"seconds":	0.995917022228241,
					"bytes":	1079519,
					"bits_per_second":	8671557.77765268,
					"retransmits":	0,
					"snd_cwnd":	547840,
					"snd_wnd":	19456,
					"rtt":	10296,
					"rttvar":	16863,
					"pmtu":	65535,
					"omitted":	false,
					"sender":	true
				}],
			"sum":	{
				"start":	2.016683,
				"end":	3.0126,
				"seconds":	0.995917022228241,
				"bytes":	1079519,
				"bits_per_second":	8671557.77765268,
				"retransmits":	0,
				"omitted":	false,
				"sender":	true
			}
		}, {
			"streams":	[{
					"socket":	5,
					"start":	3.0126,
					"end":	4.000898,
					"seconds":	0.988297998905182,
					"bytes":	1090635,
					"bits_per_second":	8828389.82742602,
					"retransmits":	0,
					"snd_cwnd":	547840,
					"snd_wnd":	0,
					"rtt":	11383,
					"rttvar":	17972,
					"pmtu":	65535,
					"omitted":	false,
					"sender":	true
				}],
			"sum":	{
				"start":	3.0126,
				"end":	4.000898,
				"seconds":	0.988297998905182,
				"bytes":	1090635,
				"bits_per_second":	8828389.82742602,
				"retransmits":	0,
				"omitted":	false,
				"sender":	true
			}
		}, {
			"streams":	[{
					"socket":	5,
					"start":	4.000898,
					"end":	5.002129,
					"seconds":	1.0012309551239014,
					"bytes":	1022680,
					"bits_per_second":	8171381.396200994,
					"retransmits":	0,
					"snd_cwnd":	547840,
					"snd_wnd":	0,
					"rtt":	6680,
					"rttvar":	11819,
					"pmtu":	65535,
					"omitted":	false,
					"sender":	true
				}],
			"sum":	{
				"start":	4.000898,
				"end":	5.002129,
				"seconds":	1.0012309551239014,
				"bytes":	1022680,
				"bits_per_second":	8171381.396200994,
				"retransmits":	0,
				"omitted":	false,
				"sender":	true
			}
		}, {
			"streams":	[{
					"socket":	5,
					"start":	5.002129,
					"end":	6.005111,
					"seconds":	1.0029820203781128,
					"bytes":	0,
					"bits_per_second":	0,
					"retransmits":	0,
					"snd_cwnd":	547840,
					"snd_wnd":	0,
					"rtt":	3435,
					"rttvar":	6477,
					"pmtu":	65535,
					"omitted":	false,
					"sender":	true
				}],
			"sum":	{
				"start":	5.002129,
				"end":	6.005111,
				"seconds":	1.0029820203781128,
				"bytes":	0,
				"bits_per_second":	0,
				"retransmits":	0,
				"omitted":	false,
				"sender":	true
			}
		}, {
			"streams":	[{
					"socket":	5,
					"start":	6.005111,
					"end":	7.002606,
					"seconds":	0.99749499559402466,
					"bytes":	432957,
					"bits_per_second":	3472354.2627272392,
					"retransmits":	0,
					"snd_cwnd":	547840,
					"snd_wnd":	0,
					"rtt":	1772,
					"rttvar":	3419,
					"pmtu":	65535,
					"omitted":	false,
					"sender":	true
				}],
			"sum":	{
				"start":	6.005111,
				"end":	7.002606,
				"seconds":	0.99749499559402466,
				"bytes":	432957,
				"bits_per_second":	3472354.2627272392,
				"retransmits":	0,
				"omitted":	false,
				"sender":	true
			}
		}, {
			"streams":	[{
					"socket":	5,
					"start":	7.002606,
					"end":	8.011439,
					"seconds":	1.0088330507278442,
					"bytes":	1134506,
					"bits_per_second":	8996580.74589437,
					"retransmits":	0,
					"snd_cwnd":	547840,
					"snd_wnd":	0,
					"rtt":	920,
					"rttvar":	1775,
					"pmtu":	65535,
					"omitted":	false,
					"sender":	true
				}],
			"sum":	{
				"start":	7.002606,
				"end":	8.011439,
				"seconds":	1.0088330507278442,
				"bytes":	1134506,
				"bits_per_second":	8996580.74589437,
				"retransmits":	0,
				"omitted":	false,
				"sender":	true
			}
		}, {
			"streams":	[{
					"socket":	5,
					"start":	8.011439,
					"end":	9.004848,
					"seconds":	0.993408977985382,
					"bytes":	185614,
					"bits_per_second":	1494764.02257948,
					"retransmits":	0,
					"snd_cwnd":	547840,
					"snd_wnd":	0,
					"rtt":	481,
					"rttvar":	919,
					"pmtu":	65535,
					"omitted":	false,
					"sender":	true
				}],
			"sum":	{
				"start":	8.011439,
				"end":	9.004848,
				"seconds":	0.993408977985382,
				"bytes":	185614,
				"bits_per_second":	1494764.02257948,
				"retransmits":	0,
				"omitted":	false,
				"sender":	true
			}
		}, {
			"streams":	[{
					"socket":	5,
					"start":	9.004848,
					"end":	10.009129,
					"seconds":	1.0042810440063477,
					"bytes":	235094,
					"bits_per_second":	1872734.740165137,
					"retransmits":	0,
					"snd_cwnd":	547840,
					"snd_wnd":	0,
					"rtt":	226,
					"rttvar":	415,
					"pmtu":	65535,
					"omitted":	false,
					"sender":	true
				}],
			"sum":	{
				"start":	9.004848,
				"end":	10.009129,
				"seconds":	1.0042810440063477,
				"bytes":	235094,
				"bits_per_second":	1872734.740165137,
				"retransmits":	0,
				"omitted":	false,
				"sender":	true
			}
		}, {
			"streams":	[{
					"socket":	5,
					"start":	10.009129,
					"end":	11.001598,
					"seconds":	0.99246901273727417,
					"bytes":	1082848,
					"bits_per_second":	8728518.36059612,
					"retransmits":	0,
					"snd_cwnd":	547840,
					"snd_wnd":	0,
					"rtt":	139,
					"rttvar":	244,
					"pmtu":	65535,
					"omitted":	false,
					"sender":	true
				}],
			"sum":	{
				"start":	10.009129,
				"end":	11.001598,
				"seconds":	0.99246901273727417,
				"bytes":	1082848,
				"bits_per_second":	8728518.36059612,
				"retransmits":	0,
				"omitted":	false,
				"sender":	true
			}
		}, {
			"streams":	[{
					"socket":	5,
					"start":	11.001598,
					"end":	12.009577,
					"seconds":	1.0079790353775024,
					"bytes":	435113,
					"bits_per_second":	3453349.6013598656,
					"retransmits":	0,
					"snd_cwnd":	547840,
					"snd_wnd":	0,
					"rtt":	3959,
					"rttvar":	7862,
					"pmtu":	65535,
					"omitted":	false,
					"sender":	true
				}],
			"sum":	{
				"start":	11.001598,
				"end":	12.009577,
				"seconds":	1.0079790353775024,
				"bytes":	435113,
				"bits_per_second":	3453349.6013598656,
				"retransmits":	0,
				"omitted":	false,
				"sender":	true
			}
		}, {
			"streams":	[{
					"socket":	5,