{
	"start":	{
		"connected":	[{
				"socket":	5,
				"local_host":	"127.0.0.1",
				"local_port":	55382,
				"remote_host":	"127.0.0.1",
				"remote_port":	5202
			}],
		"version":	"iperf 3.16",
		"system_info":	"Linux ubuntuvm-VirtualBox 6.17.0-19-generic #19~24.04.2-Ubuntu SMP PREEMPT_DYNAMIC Fri Mar  6 23:08:46 UTC 2 x86_64",
		"timestamp":	{
			"time":	"Wed, 25 Mar 2026 12:19:05 GMT",
			"timesecs":	1774441145
		},
		"connecting_to":	{
			"host":	"127.0.0.1",
			"port":	5202
		},
		"cookie":	"ycwief6irtwsni22gwwxcqfqgu3qshyp3jzk",
		"target_bitrate":	0,
		"fq_rate":	0,
		"sock_bufsize":	0,
		"sndbuf_actual":	212992,
		"rcvbuf_actual":	212992,
		"test_start":	{
			"protocol":	"UDP",
			"num_streams":	1,
			"blksize":	32768,
			"omit":	0,
			"duration":	30,
			"bytes":	0,
			"blocks":	0,
			"reverse":	0,
			"tos":	0,
			"target_bitrate":	0,
			"bidir":	0,
			"fqrate":	0
		}
	},
	"intervals":	[{
			"streams":	[{
					"socket":	5,
					"start":	0,
					"end":	1.001006,
					"seconds":	1.001006007194519,
					"bytes":	4032331776,
					"bits_per_second":	32226234384.357079,
					"packets":	123058,
					"omitted":	false,
					"sender":	true
				}],
			"sum":	{
				"start":	0,
				"end":	1.001006,
				"seconds":	1.001006007194519,
				"bytes":	4032331776,
				"bits_per_second":	32226234384.357079,
				"packets":	123058,
				"omitted":	false,
				"sender":	true
			}
		}, {
			"streams":	[{
					"socket":	5,
					"start":	1.001006,
					"end":	2.001012,
					"seconds":	1.0000059604644775,
					"bytes":	3926949888,
					"bits_per_second":	31415411853.5536,
					"packets":	119841,
					"omitted":	false,
					"sender":	true
				}],
			"sum":	{
				"start":	1.001006,
				"end":	2.001012,
				"seconds":	1.0000059604644775,
				"bytes":	3926949888,
				"bits_per_second":	31415411853.5536,
				"packets":	119841,
				"omitted":	false,
				"sender":	true
			}
		}, {
			"streams":	[{
					"socket":	5,
					"start":	2.001012,
					"end":	3.000988,
					"seconds":	0.99997597932815552,
					"bytes":	3989602304,
					"bits_per_second":	31917585113.838089,
					"packets":	121754,
					"omitted":	false,
					"sender":	true
				}],
			"sum":	{
				"start":	2.001012,
				"end":	3.000988,
				"seconds":	0.99997597932815552,
				"bytes":	3989602304,
				"bits_per_second":	31917585113.838089,
				"packets":	121754,
				"omitted":	false,
				"sender":	true
			}
		}, {
			"streams":	[{
					"socket":	5,
					"start":	3.000988,
					"end":	4.002035,
					"seconds":	1.0010470151901245,
					"bytes":	3511910400,
					"bits_per_second":	28065897778.701218,
					"packets":	107175,
					"omitted":	false,
					"sender":	true
				}],
			"sum":	{
				"start":	3.000988,
				"end":	4.002035,
				"seconds":	1.0010470151901245,
				"bytes":	3511910400,
				"bits_per_second":	28065897778.701218,
				"packets":	107175,
				"omitted":	false,
				"sender":	true
			}
		}, {
			"streams":	[{
					"socket":	5,
					"start":	4.002035,
					"end":	5.000984,
					"seconds":	0.99894899129867554,
					"bytes":	3438215168,
					"bits_per_second":	27534660511.7859,
					"packets":	104926,
					"omitted":	false,
					"sender":	true
				}],
			"sum":	{
				"start":	4.002035,
				"end":	5.000984,
				"seconds":	0.99894899129867554,
				"bytes":	3438215168,
				"bits_per_second":	27534660511.7859,
				"packets":	104926,
				"omitted":	false,
				"sender":	true
			}
		}, {
			"streams":	[{
					"socket":	5,
					"start":	5.000984,
					"end":	6.00102,
					"seconds":	1.0000360012054443,
					"bytes":	3540877312,
					"bits_per_second":	28325998725.900452,
					"packets":	108059,
					"omitted":	false,
					"sender":	true
				}],
			"sum":	{
				"start":	5.000984,
				"end":	6.00102,
				"seconds":	1.0000360012054443,
				"bytes":	3540877312,
				"bits_per_second":	28325998725.900452,
				"packets":	108059,
				"omitted":	false,
				"sender":	true
			}
		}, {
			"streams":	[{
					"socket":	5,
					"start":	6.00102,
					"end":	7.001,
					"seconds":	0.99997997283935547,
					"bytes":	3470032896,
					"bits_per_second":	27760819138.38451,
					"packets":	105897,
					"omitted":	false,
					"sender":	true
				}],
			"sum":	{
				"start":	6.00102,
				"end":	7.001,
				"seconds":	0.99997997283935547,
				"bytes":	3470032896,
				"bits_per_second":	27760819138.38451,
				"packets":	105897,
				"omitted":	false,
				"sender":	true
			}
		}, {
			"streams":	[{
					"socket":	5,
					"start":	7.001,
					"end":	8.00099,
					"seconds":	0.99998998641967773,
					"bytes":	3451486208,
					"bits_per_second":	27612166160.643723,
					"packets":	105331,
					"omitted":	false,
					"sender":	true
				}],
			"sum":	{
				"start":	7.001,
				"end":	8.00099,
				"seconds":	0.99998998641967773,
				"bytes":	3451486208,
				"bits_per_second":	27612166160.643723,
				"packets":	105331,
				"omitted":	false,
				"sender":	true
			}
		}, {
			"streams":	[{
					"socket":	5,
					"start":	8.00099,
					"end":	9.001045,
					"seconds":	1.0000549554824829,
					"bytes":	3538681856,
					"bits_per_second":	28307899173.742828,
					"packets":	107992,
					"omitted":	false,
					"sender":	true
				}],
			"sum":	{
				"start":	8.00099,
				"end":	9.001045,
				"seconds":	1.0000549554824829,
				"bytes":	3538681856,
				"bits_per_second":	28307899173.742828,
				"packets":	107992,
				"omitted":	false,
				"sender":	true
			}
		}, {
			"streams":	[{
					"socket":	5,
					"start":	9.001045,
					"end":	10.001274,
					"seconds":	1.0002290010452271,
					"bytes":	3665002496,
					"bits_per_second":	29313307190.014423,
					"packets":	111847,
					"omitted":	false,
					"sender":	true
				}],
			"sum":	{
				"start":	9.001045,
				"end":	10.001274,
				"seconds":	1.0002290010452271,
				"bytes":	3665002496,
				"bits_per_second":	29313307190.014423,
				"packets":	111847,
				"omitted":	false,
				"sender":	true
			}
		}, {
			"streams":	[{
					"socket":	5,
					"start":	10.001274,
					"end":	11.001009,
					"seconds":	0.99973499774932861,
					"bytes":	3581902848,
					"bits_per_second":	28662818495.411869,
					"packets":	109311,
					"omitted":	false,
					"sender":	true
				}],
			"sum":	{
				"start":	10.001274,
				"end":	11.001009,
				"seconds":	0.99973499774932861,
				"bytes":	3581902848,
				"bits_per_second":	28662818495.411869,
				"packets":	109311,
				"omitted":	false,
				"sender":	true
			}
		}, {
			"streams":	[{
					"socket":	5,
					"start":	11.001009,
					"end":	12.000997,
					"seconds":	0.9999880194664,
					"bytes":	3492511744,
					"bits_per_second":	27940428693.244755,
					"packets":	106583,
					"omitted":	false,
					"sender":	true
				}],
			"sum":	{
				"start":	11.001009,
				"end":	12.000997,
				"seconds":	0.9999880194664,
				"bytes":	3492511744,
				"bits_per_second":	27940428693.244755,
				"packets":	106583,
				"omitted":	false,
				"sender":	true
			}
		}, {
			"streams":	[{
					"socket":	5,
					"start":	12.000997,
					"end":	13.00099,
					"seconds":	0.99999302625656128,
					"bytes":	3528359936,
					"bits_per_second":	28227076336.388393,
					"packets":	107677,
					"omitted":	false,
					"sender":	true
				}],
			"sum":	{
				"start":	12.000997,
				"end":	13.00099,
				"seconds":	0.99999302625656128,
				"bytes":	3528359936,
				"bits_per_second":	28227076336.388393,
				"packets":	107677,
				"omitted":	false,
				"sender":	true
			}
		}, {
			"streams":	[{
					"socket":	5,
					"start":	13.00099,
					"end":	14.001046,
					"seconds":	1.0000560283660889,
					"bytes":	3672309760,
					"bits_per_second":	29376832144.0941,
					"packets":	112070,
					"omitted":	false,
					"sender":	true
				}],
			"sum":	{
				"start":	13.00099,
				"end":	14.001046,
				"seconds":	1.0000560283660889,
				"bytes":	3672309760,
				"bits_per_second":	29376832144.0941,
				"packets":	112070,
				"omitted":	false,
				"sender":	true
			}
		}, {
			"streams":	[{
					"socket":	5,
					"start":	14.001046,
					"end":	15.001035,
					"seconds":	0.99998897314071655,
					"bytes":	3665264640,