{
	"start":	{
		"connected":	[{
				"socket":	5,
				"local_host":	"127.0.0.1",
				"local_port":	44710,
				"remote_host":	"127.0.0.1",
				"remote_port":	5202
			}],
		"version":	"iperf 3.16",
		"system_info":	"Linux ubuntuvm-VirtualBox 6.17.0-19-generic #19~24.04.2-Ubuntu SMP PREEMPT_DYNAMIC Fri Mar  6 23:08:46 UTC 2 x86_64",
		"timestamp":	{
			"time":	"Wed, 25 Mar 2026 12:20:35 GMT",
			"timesecs":	1774441235
		},
		"connecting_to":	{
			"host":	"127.0.0.1",
			"port":	5202
		},
		"cookie":	"jgkj72rlrf6xsea6so4plxcupeqbas6hgyb3",
		"target_bitrate":	0,
		"fq_rate":	0,
		"sock_bufsize":	0,
		"sndbuf_actual":	212992,
		"rcvbuf_actual":	212992,
		"test_start":	{
			"protocol":	"UDP",
			"num_streams":	1,
			"blksize":	32768,
			"omit":	0,
			"duration":	30,
			"bytes":	0,
			"blocks":	0,
			"reverse":	0,
			"tos":	0,
			"target_bitrate":	0,
			"bidir":	0,
			"fqrate":	0
		}
	},
	"intervals":	[{
			"streams":	[{
					"socket":	5,
					"start":	0,
					"end":	1.000273,
					"seconds":	1.0002729892730713,
					"bytes":	3597762560,
					"bits_per_second":	28774245419.659714,
					"packets":	109796,
					"omitted":	false,
					"sender":	true
				}],
			"sum":	{
				"start":	0,
				"end":	1.000273,
				"seconds":	1.0002729892730713,
				"bytes":	3597762560,
				"bits_per_second":	28774245419.659714,
				"packets":	109796,
				"omitted":	false,
				"sender":	true
			}
		}, {
			"streams":	[{
					"socket":	5,
					"start":	1.000273,
					"end":	2.000287,
					"seconds":	1.0000139474868774,
					"bytes":	3497820160,
					"bits_per_second":	27982170999.037189,
					"packets":	106745,
					"omitted":	false,
					"sender":	true
				}],
			"sum":	{
				"start":	1.000273,
				"end":	2.000287,
				"seconds":	1.0000139474868774,
				"bytes":	3497820160,
				"bits_per_second":	27982170999.037189,
				"packets":	106745,
				"omitted":	false,
				"sender":	true
			}
		}, {
			"streams":	[{
					"socket":	5,
					"start":	2.000287,
					"end":	3.000245,
					"seconds":	0.99995797872543335,
					"bytes":	3628072960,
					"bits_per_second":	29025803381.2534,
					"packets":	110720,
					"omitted":	false,
					"sender":	true
				}],
			"sum":	{
				"start":	2.000287,
				"end":	3.000245,
				"seconds":	0.99995797872543335,
				"bytes":	3628072960,
				"bits_per_second":	29025803381.2534,
				"packets":	110720,
				"omitted":	false,
				"sender":	true
			}
		}, {
			"streams":	[{
					"socket":	5,
					"start":	3.000245,
					"end":	4.000287,
					"seconds":	1.0000419616699219,
					"bytes":	3650420736,
					"bits_per_second":	29202140517.4186,
					"packets":	111402,
					"omitted":	false,
					"sender":	true
				}],
			"sum":	{
				"start":	3.000245,
				"end":	4.000287,
				"seconds":	1.0000419616699219,
				"bytes":	3650420736,
				"bits_per_second":	29202140517.4186,
				"packets":	111402,
				"omitted":	false,
				"sender":	true
			}
		}, {
			"streams":	[{
					"socket":	5,
					"start":	4.000287,
					"end":	5.001237,
					"seconds":	1.00094997882843,
					"bytes":	3635904512,
					"bits_per_second":	29059630062.678444,
					"packets":	110960,
					"omitted":	false,
					"sender":	true
				}],
			"sum":	{
				"start":	4.000287,
				"end":	5.001237,
				"seconds":	1.00094997882843,
				"bytes":	3635904512,
				"bits_per_second":	29059630062.678444,
				"packets":	110960,
				"omitted":	false,
				"sender":	true
			}
		}, {
			"streams":	[{
					"socket":	5,
					"start":	5.001237,
					"end":	6.000275,
					"seconds":	0.9990379810333252,
					"bytes":	3597074432,
					"bits_per_second":	28804305744.448059,
					"packets":	109774,
					"omitted":	false,
					"sender":	true
				}],
			"sum":	{
				"start":	5.001237,
				"end":	6.000275,
				"seconds":	0.9990379810333252,
				"bytes":	3597074432,
				"bits_per_second":	28804305744.448059,
				"packets":	109774,
				"omitted":	false,
				"sender":	true
			}
		}, {
			"streams":	[{
					"socket":	5,
					"start":	6.000275,
					"end":	7.000245,
					"seconds":	0.999970018863678,
					"bytes":	3534979072,
					"bits_per_second":	28280680462.936237,
					"packets":	107879,
					"omitted":	false,
					"sender":	true
				}],
			"sum":	{
				"start":	6.000275,
				"end":	7.000245,
				"seconds":	0.999970018863678,
				"bytes":	3534979072,
				"bits_per_second":	28280680462.936237,
				"packets":	107879,
				"omitted":	false,
				"sender":	true
			}
		}, {
			"streams":	[{
					"socket":	5,
					"start":	7.000245,
					"end":	8.001275,
					"seconds":	1.0010299682617188,
					"bytes":	3528916992,
					"bits_per_second":	28202288473.963982,
					"packets":	107694,
					"omitted":	false,
					"sender":	true
				}],
			"sum":	{
				"start":	7.000245,
				"end":	8.001275,
				"seconds":	1.0010299682617188,
				"bytes":	3528916992,
				"bits_per_second":	28202288473.963982,
				"packets":	107694,
				"omitted":	false,
				"sender":	true
			}
		}, {
			"streams":	[{
					"socket":	5,
					"start":	8.001275,
					"end":	9.000271,
					"seconds":	0.99899601936340332,
					"bytes":	3570106368,
					"bits_per_second":	28589554302.92907,
					"packets":	108951,
					"omitted":	false,
					"sender":	true
				}],
			"sum":	{
				"start":	8.001275,
				"end":	9.000271,
				"seconds":	0.99899601936340332,
				"bytes":	3570106368,
				"bits_per_second":	28589554302.92907,
				"packets":	108951,
				"omitted":	false,
				"sender":	true
			}
		}, {
			"streams":	[{
					"socket":	5,
					"start":	9.000271,
					"end":	10.000292,
					"seconds":	1.0000209808349609,
					"bytes":	3467509760,
					"bits_per_second":	27739496082.2108,
					"packets":	105820,
					"omitted":	false,
					"sender":	true
				}],
			"sum":	{
				"start":	9.000271,
				"end":	10.000292,
				"seconds":	1.0000209808349609,
				"bytes":	3467509760,
				"bits_per_second":	27739496082.2108,
				"packets":	105820,
				"omitted":	false,
				"sender":	true
			}
		}, {
			"streams":	[{
					"socket":	5,
					"start":	10.000292,
					"end":	11.001255,
					"seconds":	1.0009629726409912,
					"bytes":	2986901504,
					"bits_per_second":	23872223733.66486,
					"packets":	91153,
					"omitted":	false,
					"sender":	true
				}],
			"sum":	{
				"start":	10.000292,
				"end":	11.001255,
				"seconds":	1.0009629726409912,
				"bytes":	2986901504,
				"bits_per_second":	23872223733.66486,
				"packets":	91153,
				"omitted":	false,
				"sender":	true
			}
		}, {
			"streams":	[{
					"socket":	5,
					"start":	11.001255,
					"end":	12.000233,
					"seconds":	0.998978018760681,
					"bytes":	3268444160,
					"bits_per_second":	26174302926.543175,
					"packets":	99745,
					"omitted":	false,
					"sender":	true
				}],
			"sum":	{
				"start":	11.001255,
				"end":	12.000233,
				"seconds":	0.998978018760681,
				"bytes":	3268444160,
				"bits_per_second":	26174302926.543175,
				"packets":	99745,
				"omitted":	false,
				"sender":	true
			}
		}, {
			"streams":	[{
					"socket":	5,
					"start":	12.000233,
					"end":	13.000218,
					"seconds":	0.9999849796295166,
					"bytes":	3438018560,
					"bits_per_second":	27504561608.705345,
					"packets":	104920,
					"omitted":	false,
					"sender":	true
				}],
			"sum":	{
				"start":	12.000233,
				"end":	13.000218,
				"seconds":	0.9999849796295166,
				"bytes":	3438018560,
				"bits_per_second":	27504561608.705345,
				"packets":	104920,
				"omitted":	false,
				"sender":	true
			}
		}, {
			"streams":	[{
					"socket":	5,
					"start":	13.000218,
					"end":	14.001105,
					"seconds":	1.0008870363235474,
					"bytes":	3781165056,
					"bits_per_second":	30222511982.083046,
					"packets":	115392,
					"omitted":	false,
					"sender":	true
				}],
			"sum":	{
				"start":	13.000218,
				"end":	14.001105,
				"seconds":	1.0008870363235474,
				"bytes":	3781165056,
				"bits_per_second":	30222511982.083046,
				"packets":	115392,
				"omitted":	false,
				"sender":	true
			}
		}, {
			"streams":	[{
					"socket":	5,
					"start":	14.001105,
					"end":	15.002062,
					"seconds":	1.0009570121765137,
					"bytes":	6627393536,