{
	"start":	{
		"connected":	[{
				"socket":	5,
				"local_host":	"127.0.0.1",
				"local_port":	40655,
				"remote_host":	"127.0.0.1",
				"remote_port":	5202
			}],
		"version":	"iperf 3.16",
		"system_info":	"Linux ubuntuvm-VirtualBox 6.17.0-19-generic #19~24.04.2-Ubuntu SMP PREEMPT_DYNAMIC Fri Mar  6 23:08:46 UTC 2 x86_64",
		"timestamp":	{
			"time":	"Wed, 25 Mar 2026 12:19:35 GMT",
			"timesecs":	1774441175
		},
		"connecting_to":	{
			"host":	"127.0.0.1",
			"port":	5202
		},
		"cookie":	"ywfwaaksxfunu2whzstvikft35taiyootpen",
		"target_bitrate":	0,
		"fq_rate":	0,
		"sock_bufsize":	0,
		"sndbuf_actual":	212992,
		"rcvbuf_actual":	212992,
		"test_start":	{
			"protocol":	"UDP",
			"num_streams":	1,
			"blksize":	32768,
			"omit":	0,
			"duration":	30,
			"bytes":	0,
			"blocks":	0,
			"reverse":	0,
			"tos":	0,
			"target_bitrate":	0,
			"bidir":	0,
			"fqrate":	0
		}
	},
	"intervals":	[{
			"streams":	[{
					"socket":	5,
					"start":	0,
					"end":	1.000763,
					"seconds":	1.0007630586624146,
					"bytes":	3574005760,
					"bits_per_second":	28570245306.831314,
					"packets":	109071,
					"omitted":	false,
					"sender":	true
				}],
			"sum":	{
				"start":	0,
				"end":	1.000763,
				"seconds":	1.0007630586624146,
				"bytes":	3574005760,
				"bits_per_second":	28570245306.831314,
				"packets":	109071,
				"omitted":	false,
				"sender":	true
			}
		}, {
			"streams":	[{
					"socket":	5,
					"start":	1.000763,
					"end":	2.000652,
					"seconds":	0.99988901615142822,
					"bytes":	3560603648,
					"bits_per_second":	28487990890.867146,
					"packets":	108661,
					"omitted":	false,
					"sender":	true
				}],
			"sum":	{
				"start":	1.000763,
				"end":	2.000652,
				"seconds":	0.99988901615142822,
				"bytes":	3560603648,
				"bits_per_second":	28487990890.867146,
				"packets":	108661,
				"omitted":	false,
				"sender":	true
			}
		}, {
			"streams":	[{
					"socket":	5,
					"start":	2.000652,
					"end":	3.000652,
					"seconds":	1,
					"bytes":	3609591808,
					"bits_per_second":	28876734464,
					"packets":	110156,
					"omitted":	false,
					"sender":	true
				}],
			"sum":	{
				"start":	2.000652,
				"end":	3.000652,
				"seconds":	1,
				"bytes":	3609591808,
				"bits_per_second":	28876734464,
				"packets":	110156,
				"omitted":	false,
				"sender":	true
			}
		}, {
			"streams":	[{
					"socket":	5,
					"start":	3.000652,
					"end":	4.000716,
					"seconds":	1.0000640153884888,
					"bytes":	3543433216,
					"bits_per_second":	28345651170.128376,
					"packets":	108137,
					"omitted":	false,
					"sender":	true
				}],
			"sum":	{
				"start":	3.000652,
				"end":	4.000716,
				"seconds":	1.0000640153884888,
				"bytes":	3543433216,
				"bits_per_second":	28345651170.128376,
				"packets":	108137,
				"omitted":	false,
				"sender":	true
			}
		}, {
			"streams":	[{
					"socket":	5,
					"start":	4.000716,
					"end":	5.000678,
					"seconds":	0.9999619722366333,
					"bytes":	3472031744,
					"bits_per_second":	27777310260.981567,
					"packets":	105959,
					"omitted":	false,
					"sender":	true
				}],
			"sum":	{
				"start":	4.000716,
				"end":	5.000678,
				"seconds":	0.9999619722366333,
				"bytes":	3472031744,
				"bits_per_second":	27777310260.981567,
				"packets":	105959,
				"omitted":	false,
				"sender":	true
			}
		}, {
			"streams":	[{
					"socket":	5,
					"start":	5.000678,
					"end":	6.000757,
					"seconds":	1.0000790357589722,
					"bytes":	3529801728,
					"bits_per_second":	28236182155.91283,
					"packets":	107721,
					"omitted":	false,
					"sender":	true
				}],
			"sum":	{
				"start":	5.000678,
				"end":	6.000757,
				"seconds":	1.0000790357589722,
				"bytes":	3529801728,
				"bits_per_second":	28236182155.91283,
				"packets":	107721,
				"omitted":	false,
				"sender":	true
			}
		}, {
			"streams":	[{
					"socket":	5,
					"start":	6.000757,
					"end":	7.000658,
					"seconds":	0.999900996685028,
					"bytes":	3515416576,
					"bits_per_second":	28126117186.838787,
					"packets":	107283,
					"omitted":	false,
					"sender":	true
				}],
			"sum":	{
				"start":	6.000757,
				"end":	7.000658,
				"seconds":	0.999900996685028,
				"bytes":	3515416576,
				"bits_per_second":	28126117186.838787,
				"packets":	107283,
				"omitted":	false,
				"sender":	true
			}
		}, {
			"streams":	[{
					"socket":	5,
					"start":	7.000658,
					"end":	8.000734,
					"seconds":	1.0000760555267334,
					"bytes":	3589505024,
					"bits_per_second":	28713856344.53117,
					"packets":	109543,
					"omitted":	false,
					"sender":	true
				}],
			"sum":	{
				"start":	7.000658,
				"end":	8.000734,
				"seconds":	1.0000760555267334,
				"bytes":	3589505024,
				"bits_per_second":	28713856344.53117,
				"packets":	109543,
				"omitted":	false,
				"sender":	true
			}
		}, {
			"streams":	[{
					"socket":	5,
					"start":	8.000734,
					"end":	9.000667,
					"seconds":	0.99993300437927246,
					"bytes":	3568828416,
					"bits_per_second":	28552540223.1556,
					"packets":	108913,
					"omitted":	false,
					"sender":	true
				}],
			"sum":	{
				"start":	8.000734,
				"end":	9.000667,
				"seconds":	0.99993300437927246,
				"bytes":	3568828416,
				"bits_per_second":	28552540223.1556,
				"packets":	108913,
				"omitted":	false,
				"sender":	true
			}
		}, {
			"streams":	[{
					"socket":	5,
					"start":	9.000667,
					"end":	10.001359,
					"seconds":	1.0006920099258423,
					"bytes":	3582951424,
					"bits_per_second":	28643789605.279408,
					"packets":	109343,
					"omitted":	false,
					"sender":	true
				}],
			"sum":	{
				"start":	9.000667,
				"end":	10.001359,
				"seconds":	1.0006920099258423,
				"bytes":	3582951424,
				"bits_per_second":	28643789605.279408,
				"packets":	109343,
				"omitted":	false,
				"sender":	true
			}
		}, {
			"streams":	[{
					"socket":	5,
					"start":	10.001359,
					"end":	11.000803,
					"seconds":	0.999444007873535,
					"bytes":	3622174720,
					"bits_per_second":	28993517927.68631,
					"packets":	110540,
					"omitted":	false,
					"sender":	true
				}],
			"sum":	{
				"start":	10.001359,
				"end":	11.000803,
				"seconds":	0.999444007873535,
				"bytes":	3622174720,
				"bits_per_second":	28993517927.68631,
				"packets":	110540,
				"omitted":	false,
				"sender":	true
			}
		}, {
			"streams":	[{
					"socket":	5,
					"start":	11.000803,
					"end":	12.000659,
					"seconds":	0.99985599517822266,
					"bytes":	3738173440,
					"bits_per_second":	29909694660.248962,
					"packets":	114081,
					"omitted":	false,
					"sender":	true
				}],
			"sum":	{
				"start":	11.000803,
				"end":	12.000659,
				"seconds":	0.99985599517822266,
				"bytes":	3738173440,
				"bits_per_second":	29909694660.248962,
				"packets":	114081,
				"omitted":	false,
				"sender":	true
			}
		}, {
			"streams":	[{
					"socket":	5,
					"start":	12.000659,
					"end":	13.000855,
					"seconds":	1.0001959800720215,
					"bytes":	3615817728,
					"bits_per_second":	28920873909.048382,
					"packets":	110346,
					"omitted":	false,
					"sender":	true
				}],
			"sum":	{
				"start":	12.000659,
				"end":	13.000855,
				"seconds":	1.0001959800720215,
				"bytes":	3615817728,
				"bits_per_second":	28920873909.048382,
				"packets":	110346,
				"omitted":	false,
				"sender":	true
			}
		}, {
			"streams":	[{
					"socket":	5,
					"start":	13.000855,
					"end":	14.000691,
					"seconds":	0.999836027622223,
					"bytes":	3637248000,
					"bits_per_second":	29102756048.109074,
					"packets":	111000,
					"omitted":	false,
					"sender":	true
				}],
			"sum":	{
				"start":	13.000855,
				"end":	14.000691,
				"seconds":	0.999836027622223,
				"bytes":	3637248000,
				"bits_per_second":	29102756048.109074,
				"packets":	111000,
				"omitted":	false,
				"sender":	true
			}
		}, {
			"streams":	[{
					"socket":	5,
					"start":	14.000691,
					"end":	15.000666,
					"seconds":	0.999975025653839,
					"bytes":	3656941568,