{
	"start":	{
		"connected":	[{
				"socket":	5,
				"local_host":	"127.0.0.1",
				"local_port":	49750,
				"remote_host":	"127.0.0.1",
				"remote_port":	5202
			}],
		"version":	"iperf 3.16",
		"system_info":	"Linux ubuntuvm-VirtualBox 6.17.0-19-generic #19~24.04.2-Ubuntu SMP PREEMPT_DYNAMIC Fri Mar  6 23:08:46 UTC 2 x86_64",
		"timestamp":	{
			"time":	"Wed, 25 Mar 2026 12:20:05 GMT",
			"timesecs":	1774441205
		},
		"connecting_to":	{
			"host":	"127.0.0.1",
			"port":	5202
		},
		"cookie":	"etubo6dtylvrxjs75pzhzhsc7la5atmsxxx7",
		"target_bitrate":	0,
		"fq_rate":	0,
		"sock_bufsize":	0,
		"sndbuf_actual":	212992,
		"rcvbuf_actual":	212992,
		"test_start":	{
			"protocol":	"UDP",
			"num_streams":	1,
			"blksize":	32768,
			"omit":	0,
			"duration":	30,
			"bytes":	0,
			"blocks":	0,
			"reverse":	0,
			"tos":	0,
			"target_bitrate":	0,
			"bidir":	0,
			"fqrate":	0
		}
	},
	"intervals":	[{
			"streams":	[{
					"socket":	5,
					"start":	0,
					"end":	1.000268,
					"seconds":	1.00026798248291,
					"bytes":	3458465792,
					"bits_per_second":	27660313856.414684,
					"packets":	105545,
					"omitted":	false,
					"sender":	true
				}],
			"sum":	{
				"start":	0,
				"end":	1.000268,
				"seconds":	1.00026798248291,
				"bytes":	3458465792,
				"bits_per_second":	27660313856.414684,
				"packets":	105545,
				"omitted":	false,
				"sender":	true
			}
		}, {
			"streams":	[{
					"socket":	5,
					"start":	1.000268,
					"end":	2.000229,
					"seconds":	0.999961018562317,
					"bytes":	3614375936,
					"bits_per_second":	28916134680.502083,
					"packets":	110302,
					"omitted":	false,
					"sender":	true
				}],
			"sum":	{
				"start":	1.000268,
				"end":	2.000229,
				"seconds":	0.999961018562317,
				"bytes":	3614375936,
				"bits_per_second":	28916134680.502083,
				"packets":	110302,
				"omitted":	false,
				"sender":	true
			}
		}, {
			"streams":	[{
					"socket":	5,
					"start":	2.000229,
					"end":	3.000232,
					"seconds":	1.0000029802322388,
					"bytes":	3536748544,
					"bits_per_second":	28293904029.595051,
					"packets":	107934,
					"omitted":	false,
					"sender":	true
				}],
			"sum":	{
				"start":	2.000229,
				"end":	3.000232,
				"seconds":	1.0000029802322388,
				"bytes":	3536748544,
				"bits_per_second":	28293904029.595051,
				"packets":	107934,
				"omitted":	false,
				"sender":	true
			}
		}, {
			"streams":	[{
					"socket":	5,
					"start":	3.000232,
					"end":	4.056249,
					"seconds":	1.05601704120636,
					"bytes":	4389273600,
					"bits_per_second":	33251536130.408161,
					"packets":	133950,
					"omitted":	false,
					"sender":	true
				}],
			"sum":	{
				"start":	3.000232,
				"end":	4.056249,
				"seconds":	1.05601704120636,
				"bytes":	4389273600,
				"bits_per_second":	33251536130.408161,
				"packets":	133950,
				"omitted":	false,
				"sender":	true
			}
		}, {
			"streams":	[{
					"socket":	5,
					"start":	4.056249,
					"end":	5.00023,
					"seconds":	0.94398099184036255,
					"bytes":	3374809088,
					"bits_per_second":	28600652912.898628,
					"packets":	102991,
					"omitted":	false,
					"sender":	true
				}],
			"sum":	{
				"start":	4.056249,
				"end":	5.00023,
				"seconds":	0.94398099184036255,
				"bytes":	3374809088,
				"bits_per_second":	28600652912.898628,
				"packets":	102991,
				"omitted":	false,
				"sender":	true
			}
		}, {
			"streams":	[{
					"socket":	5,
					"start":	5.00023,
					"end":	6.000215,
					"seconds":	0.9999849796295166,
					"bytes":	3486416896,
					"bits_per_second":	27891754112.4802,
					"packets":	106397,
					"omitted":	false,
					"sender":	true
				}],
			"sum":	{
				"start":	5.00023,
				"end":	6.000215,
				"seconds":	0.9999849796295166,
				"bytes":	3486416896,
				"bits_per_second":	27891754112.4802,
				"packets":	106397,
				"omitted":	false,
				"sender":	true
			}
		}, {
			"streams":	[{
					"socket":	5,
					"start":	6.000215,
					"end":	7.001295,
					"seconds":	1.00108003616333,
					"bytes":	3397550080,
					"bits_per_second":	27151076495.5115,
					"packets":	103685,
					"omitted":	false,
					"sender":	true
				}],
			"sum":	{
				"start":	6.000215,
				"end":	7.001295,
				"seconds":	1.00108003616333,
				"bytes":	3397550080,
				"bits_per_second":	27151076495.5115,
				"packets":	103685,
				"omitted":	false,
				"sender":	true
			}
		}, {
			"streams":	[{
					"socket":	5,
					"start":	7.001295,
					"end":	8.000187,
					"seconds":	0.99889200925827026,
					"bytes":	3570434048,
					"bits_per_second":	28595155551.6095,
					"packets":	108961,
					"omitted":	false,
					"sender":	true
				}],
			"sum":	{
				"start":	7.001295,
				"end":	8.000187,
				"seconds":	0.99889200925827026,
				"bytes":	3570434048,
				"bits_per_second":	28595155551.6095,
				"packets":	108961,
				"omitted":	false,
				"sender":	true
			}
		}, {
			"streams":	[{
					"socket":	5,
					"start":	8.000187,
					"end":	9.000167,
					"seconds":	0.99997997283935547,
					"bytes":	3519610880,
					"bits_per_second":	28157450953.793591,
					"packets":	107410,
					"omitted":	false,
					"sender":	true
				}],
			"sum":	{
				"start":	8.000187,
				"end":	9.000167,
				"seconds":	0.99997997283935547,
				"bytes":	3519610880,
				"bits_per_second":	28157450953.793591,
				"packets":	107410,
				"omitted":	false,
				"sender":	true
			}
		}, {
			"streams":	[{
					"socket":	5,
					"start":	9.000167,
					"end":	10.000304,
					"seconds":	1.0001369714736938,
					"bytes":	3454664704,
					"bits_per_second":	27633532626.3128,
					"packets":	105428,
					"omitted":	false,
					"sender":	true
				}],
			"sum":	{
				"start":	9.000167,
				"end":	10.000304,
				"seconds":	1.0001369714736938,
				"bytes":	3454664704,
				"bits_per_second":	27633532626.3128,
				"packets":	105428,
				"omitted":	false,
				"sender":	true
			}
		}, {
			"streams":	[{
					"socket":	5,
					"start":	10.000304,
					"end":	11.000219,
					"seconds":	0.99991500377655029,
					"bytes":	3453124608,
					"bits_per_second":	27627345083.996082,
					"packets":	105381,
					"omitted":	false,
					"sender":	true
				}],
			"sum":	{
				"start":	10.000304,
				"end":	11.000219,
				"seconds":	0.99991500377655029,
				"bytes":	3453124608,
				"bits_per_second":	27627345083.996082,
				"packets":	105381,
				"omitted":	false,
				"sender":	true
			}
		}, {
			"streams":	[{
					"socket":	5,
					"start":	11.000219,
					"end":	12.000162,
					"seconds":	0.99994301795959473,
					"bytes":	3556343808,
					"bits_per_second":	28452371738.196011,
					"packets":	108531,
					"omitted":	false,
					"sender":	true
				}],
			"sum":	{
				"start":	11.000219,
				"end":	12.000162,
				"seconds":	0.99994301795959473,
				"bytes":	3556343808,
				"bits_per_second":	28452371738.196011,
				"packets":	108531,
				"omitted":	false,
				"sender":	true
			}
		}, {
			"streams":	[{
					"socket":	5,
					"start":	12.000162,
					"end":	13.000231,
					"seconds":	1.00006902217865,
					"bytes":	3577937920,
					"bits_per_second":	28621527839.79221,
					"packets":	109190,
					"omitted":	false,
					"sender":	true
				}],
			"sum":	{
				"start":	12.000162,
				"end":	13.000231,
				"seconds":	1.00006902217865,
				"bytes":	3577937920,
				"bits_per_second":	28621527839.79221,
				"packets":	109190,
				"omitted":	false,
				"sender":	true
			}
		}, {
			"streams":	[{
					"socket":	5,
					"start":	13.000231,
					"end":	14.000172,
					"seconds":	0.99994099140167236,
					"bytes":	3370582016,
					"bits_per_second":	26966247368.45937,
					"packets":	102862,
					"omitted":	false,
					"sender":	true
				}],
			"sum":	{
				"start":	13.000231,
				"end":	14.000172,
				"seconds":	0.99994099140167236,
				"bytes":	3370582016,
				"bits_per_second":	26966247368.45937,
				"packets":	102862,
				"omitted":	false,
				"sender":	true
			}
		}, {
			"streams":	[{
					"socket":	5,
					"start":	14.000172,
					"end":	15.000197,
					"seconds":	1.0000250339508057,
					"bytes":	3400368128,