{
	"start":	{
		"connected":	[{
				"socket":	5,
				"local_host":	"10.0.2.15",
				"local_port":	51248,
				"remote_host":	"10.0.2.2",
				"remote_port":	5201
			}],
		"version":	"iperf 3.16",
		"system_info":	"Linux ubuntuvm-VirtualBox 6.17.0-19-generic #19~24.04.2-Ubuntu SMP PREEMPT_DYNAMIC Fri Mar  6 23:08:46 UTC 2 x86_64",
		"timestamp":	{
			"time":	"Wed, 25 Mar 2026 12:15:34 GMT",
			"timesecs":	1774440934
		},
		"connecting_to":	{
			"host":	"10.0.2.2",
			"port":	5201
		},
		"cookie":	"ifdeox357sxszreduo2toxb4me3xlh2zqqms",
		"tcp_mss_default":	1460,
		"target_bitrate":	0,
		"fq_rate":	0,
		"sock_bufsize":	0,
		"sndbuf_actual":	16384,
		"rcvbuf_actual":	131072,
		"test_start":	{
			"protocol":	"TCP",
			"num_streams":	1,
			"blksize":	131072,
			"omit":	0,
			"duration":	30,
			"bytes":	0,
			"blocks":	0,
			"reverse":	1,
			"tos":	0,
			"target_bitrate":	0,
			"bidir":	0,
			"fqrate":	0
		}
	},
	"intervals":	[{
			"streams":	[{
					"socket":	5,
					"start":	0,
					"end":	1.001141,
					"seconds":	1.0011409521102905,
					"bytes":	158334976,
					"bits_per_second":	1265236234.0487461,
					"omitted":	false,
					"sender":	false
				}],
			"sum":	{
				"start":	0,
				"end":	1.001141,
				"seconds":	1.0011409521102905,
				"bytes":	158334976,
				"bits_per_second":	1265236234.0487461,
				"omitted":	false,
				"sender":	false
			}
		}, {
			"streams":	[{
					"socket":	5,
					"start":	1.001141,
					"end":	2.002659,
					"seconds":	1.0015180110931396,
					"bytes":	173932544,
					"bits_per_second":	1389351301.31234,
					"omitted":	false,
					"sender":	false
				}],
			"sum":	{
				"start":	1.001141,
				"end":	2.002659,
				"seconds":	1.0015180110931396,
				"bytes":	173932544,
				"bits_per_second":	1389351301.31234,
				"omitted":	false,
				"sender":	false
			}
		}, {
			"streams":	[{
					"socket":	5,
					"start":	2.002659,
					"end":	3.000617,
					"seconds":	0.99795800447464,
					"bytes":	185991168,
					"bits_per_second":	1490973906.0445716,
					"omitted":	false,
					"sender":	false
				}],
			"sum":	{
				"start":	2.002659,
				"end":	3.000617,
				"seconds":	0.99795800447464,
				"bytes":	185991168,
				"bits_per_second":	1490973906.0445716,
				"omitted":	false,
				"sender":	false
			}
		}, {
			"streams":	[{
					"socket":	5,
					"start":	3.000617,
					"end":	4.000776,
					"seconds":	1.0001590251922607,
					"bytes":	182190080,
					"bits_per_second":	1457288894.3533959,
					"omitted":	false,
					"sender":	false
				}],
			"sum":	{
				"start":	3.000617,
				"end":	4.000776,
				"seconds":	1.0001590251922607,
				"bytes":	182190080,
				"bits_per_second":	1457288894.3533959,
				"omitted":	false,
				"sender":	false
			}
		}, {
			"streams":	[{
					"socket":	5,
					"start":	4.000776,
					"end":	5.002334,
					"seconds":	1.0015579462051392,
					"bytes":	179175424,
					"bits_per_second":	1431173700.3646219,
					"omitted":	false,
					"sender":	false
				}],
			"sum":	{
				"start":	4.000776,
				"end":	5.002334,
				"seconds":	1.0015579462051392,
				"bytes":	179175424,
				"bits_per_second":	1431173700.3646219,
				"omitted":	false,
				"sender":	false
			}
		}, {
			"streams":	[{
					"socket":	5,
					"start":	5.002334,
					"end":	6.002866,
					"seconds":	1.0005320310592651,
					"bytes":	177864704,
					"bits_per_second":	1422160998.1776938,
					"omitted":	false,
					"sender":	false
				}],
			"sum":	{
				"start":	5.002334,
				"end":	6.002866,
				"seconds":	1.0005320310592651,
				"bytes":	177864704,
				"bits_per_second":	1422160998.1776938,
				"omitted":	false,
				"sender":	false
			}
		}, {
			"streams":	[{
					"socket":	5,
					"start":	6.002866,
					"end":	7.000887,
					"seconds":	0.99802100658416748,
					"bytes":	188481536,
					"bits_per_second":	1510842234.8351004,
					"omitted":	false,
					"sender":	false
				}],
			"sum":	{
				"start":	6.002866,
				"end":	7.000887,
				"seconds":	0.99802100658416748,
				"bytes":	188481536,
				"bits_per_second":	1510842234.8351004,
				"omitted":	false,
				"sender":	false
			}
		}, {
			"streams":	[{
					"socket":	5,
					"start":	7.000887,
					"end":	8.000744,
					"seconds":	0.999857008457184,
					"bytes":	170655744,
					"bits_per_second":	1365441198.5436046,
					"omitted":	false,
					"sender":	false
				}],
			"sum":	{
				"start":	7.000887,
				"end":	8.000744,
				"seconds":	0.999857008457184,
				"bytes":	170655744,
				"bits_per_second":	1365441198.5436046,
				"omitted":	false,
				"sender":	false
			}
		}, {
			"streams":	[{
					"socket":	5,
					"start":	8.000744,
					"end":	9.000438,
					"seconds":	0.999693989753723,
					"bytes":	177471488,
					"bits_per_second":	1420206501.7413619,
					"omitted":	false,
					"sender":	false
				}],
			"sum":	{
				"start":	8.000744,
				"end":	9.000438,
				"seconds":	0.999693989753723,
				"bytes":	177471488,
				"bits_per_second":	1420206501.7413619,
				"omitted":	false,
				"sender":	false
			}
		}, {
			"streams":	[{
					"socket":	5,
					"start":	9.000438,
					"end":	10.001106,
					"seconds":	1.0006680488586426,
					"bytes":	187564032,
					"bits_per_second":	1499510509.715462,
					"omitted":	false,
					"sender":	false
				}],
			"sum":	{
				"start":	9.000438,
				"end":	10.001106,
				"seconds":	1.0006680488586426,
				"bytes":	187564032,
				"bits_per_second":	1499510509.715462,
				"omitted":	false,
				"sender":	false
			}
		}, {
			"streams":	[{
					"socket":	5,
					"start":	10.001106,
					"end":	11.001193,
					"seconds":	1.0000870227813721,
					"bytes":	175243264,
					"bits_per_second":	1401824121.3659642,
					"omitted":	false,
					"sender":	false
				}],
			"sum":	{
				"start":	10.001106,
				"end":	11.001193,
				"seconds":	1.0000870227813721,
				"bytes":	175243264,
				"bits_per_second":	1401824121.3659642,
				"omitted":	false,
				"sender":	false
			}
		}, {
			"streams":	[{
					"socket":	5,
					"start":	11.001193,
					"end":	12.004039,
					"seconds":	1.0028460025787354,
					"bytes":	170393600,
					"bits_per_second":	1359280284.8042231,
					"omitted":	false,
					"sender":	false
				}],
			"sum":	{
				"start":	11.001193,
				"end":	12.004039,
				"seconds":	1.0028460025787354,
				"bytes":	170393600,
				"bits_per_second":	1359280284.8042231,
				"omitted":	false,
				"sender":	false
			}
		}, {
			"streams":	[{
					"socket":	5,
					"start":	12.004039,
					"end":	13.001351,
					"seconds":	0.99731200933456421,
					"bytes":	172752896,
					"bits_per_second":	1385748045.8117881,
					"omitted":	false,
					"sender":	false
				}],
			"sum":	{
				"start":	12.004039,
				"end":	13.001351,
				"seconds":	0.99731200933456421,
				"bytes":	172752896,
				"bits_per_second":	1385748045.8117881,
				"omitted":	false,
				"sender":	false
			}
		}, {
			"streams":	[{
					"socket":	5,
					"start":	13.001351,
					"end":	14.001567,
					"seconds":	1.000216007232666,
					"bytes":	184156160,
					"bits_per_second":	1472931116.2256765,
					"omitted":	false,
					"sender":	false
				}],
			"sum":	{
				"start":	13.001351,
				"end":	14.001567,
				"seconds":	1.000216007232666,
				"bytes":	184156160,
				"bits_per_second":	1472931116.2256765,
				"omitted":	false,
				"sender":	false
			}
		}, {
			"streams":	[{
					"socket":	5,
					"start":	14.001567,
					"end":	15.001138,
					"seconds":	0.99957102537155151,
					"bytes":	180224000,
					"bits_per_second":	1442410757.61882,
					"omitted":	false,
					"sender":	false
				}],
			"sum":	{
				"start":	14.001567,
				"end":	15.001138,
				"seconds":	0.99957102537155151,
				"bytes":	180224000,
				"bits_per_second":	1442410757.61882,
				"omitted":	false,
				"sender":	false
			}
		}, {
			"streams":	[{
					"socket":	5,
					"start":	15.001138,
					"end":	16.001065,
					"seconds":	0.99992698431015,
					"bytes":	180617216,
					"bits_per_second":	1445043238.8289459,
					"omitted":	false,
					"sender":	false
				}],
			"sum":	{
				"start":	15.001138,
				"end":	16.001065,