{
	"start":	{
		"connected":	[{
				"socket":	5,
				"local_host":	"10.0.2.15",
				"local_port":	51230,
				"remote_host":	"10.0.2.2",
				"remote_port":	5201
			}],
		"version":	"iperf 3.16",
		"system_info":	"Linux ubuntuvm-VirtualBox 6.17.0-19-generic #19~24.04.2-Ubuntu SMP PREEMPT_DYNAMIC Fri Mar  6 23:08:46 UTC 2 x86_64",
		"timestamp":	{
			"time":	"Wed, 25 Mar 2026 12:16:04 GMT",
			"timesecs":	1774440964
		},
		"connecting_to":	{
			"host":	"10.0.2.2",
			"port":	5201
		},
		"cookie":	"xvbrhxhlpypwox3opcax7rvkyzbziirbfzor",
		"tcp_mss_default":	1460,
		"target_bitrate":	0,
		"fq_rate":	0,
		"sock_bufsize":	0,
		"sndbuf_actual":	16384,
		"rcvbuf_actual":	131072,
		"test_start":	{
			"protocol":	"TCP",
			"num_streams":	1,
			"blksize":	131072,
			"omit":	0,
			"duration":	30,
			"bytes":	0,
			"blocks":	0,
			"reverse":	1,
			"tos":	0,
			"target_bitrate":	0,
			"bidir":	0,
			"fqrate":	0
		}
	},
	"intervals":	[{
			"streams":	[{
					"socket":	5,
					"start":	0,
					"end":	1.000405,
					"seconds":	1.000404953956604,
					"bytes":	174587904,
					"bits_per_second":	1396137860.4494464,
					"omitted":	false,
					"sender":	false
				}],
			"sum":	{
				"start":	0,
				"end":	1.000405,
				"seconds":	1.000404953956604,
				"bytes":	174587904,
				"bits_per_second":	1396137860.4494464,
				"omitted":	false,
				"sender":	false
			}
		}, {
			"streams":	[{
					"socket":	5,
					"start":	1.000405,
					"end":	2.002115,
					"seconds":	1.001710057258606,
					"bytes":	171835392,
					"bits_per_second":	1372336362.2424984,
					"omitted":	false,
					"sender":	false
				}],
			"sum":	{
				"start":	1.000405,
				"end":	2.002115,
				"seconds":	1.001710057258606,
				"bytes":	171835392,
				"bits_per_second":	1372336362.2424984,
				"omitted":	false,
				"sender":	false
			}
		}, {
			"streams":	[{
					"socket":	5,
					"start":	2.002115,
					"end":	3.001114,
					"seconds":	0.998998999595642,
					"bytes":	169082880,
					"bits_per_second":	1354018412.9789,
					"omitted":	false,
					"sender":	false
				}],
			"sum":	{
				"start":	2.002115,
				"end":	3.001114,
				"seconds":	0.998998999595642,
				"bytes":	169082880,
				"bits_per_second":	1354018412.9789,
				"omitted":	false,
				"sender":	false
			}
		}, {
			"streams":	[{
					"socket":	5,
					"start":	3.001114,
					"end":	4.001895,
					"seconds":	1.0007810592651367,
					"bytes":	184942592,
					"bits_per_second":	1478386028.8946831,
					"omitted":	false,
					"sender":	false
				}],
			"sum":	{
				"start":	3.001114,
				"end":	4.001895,
				"seconds":	1.0007810592651367,
				"bytes":	184942592,
				"bits_per_second":	1478386028.8946831,
				"omitted":	false,
				"sender":	false
			}
		}, {
			"streams":	[{
					"socket":	5,
					"start":	4.001895,
					"end":	5.001108,
					"seconds":	0.99921298027038574,
					"bytes":	175636480,
					"bits_per_second":	1406198545.9994564,
					"omitted":	false,
					"sender":	false
				}],
			"sum":	{
				"start":	4.001895,
				"end":	5.001108,
				"seconds":	0.99921298027038574,
				"bytes":	175636480,
				"bits_per_second":	1406198545.9994564,
				"omitted":	false,
				"sender":	false
			}
		}, {
			"streams":	[{
					"socket":	5,
					"start":	5.001108,
					"end":	6.001665,
					"seconds":	1.0005569458007812,
					"bytes":	180748288,
					"bits_per_second":	1445181416.2788365,
					"omitted":	false,
					"sender":	false
				}],
			"sum":	{
				"start":	5.001108,
				"end":	6.001665,
				"seconds":	1.0005569458007812,
				"bytes":	180748288,
				"bits_per_second":	1445181416.2788365,
				"omitted":	false,
				"sender":	false
			}
		}, {
			"streams":	[{
					"socket":	5,
					"start":	6.001665,
					"end":	7.001218,
					"seconds":	0.99955302476882935,
					"bytes":	187170816,
					"bits_per_second":	1498036113.0379272,
					"omitted":	false,
					"sender":	false
				}],
			"sum":	{
				"start":	6.001665,
				"end":	7.001218,
				"seconds":	0.99955302476882935,
				"bytes":	187170816,
				"bits_per_second":	1498036113.0379272,
				"omitted":	false,
				"sender":	false
			}
		}, {
			"streams":	[{
					"socket":	5,
					"start":	7.001218,
					"end":	8.005526,
					"seconds":	1.0043079853057861,
					"bytes":	174718976,
					"bits_per_second":	1391756142.9867754,
					"omitted":	false,
					"sender":	false
				}],
			"sum":	{
				"start":	7.001218,
				"end":	8.005526,
				"seconds":	1.0043079853057861,
				"bytes":	174718976,
				"bits_per_second":	1391756142.9867754,
				"omitted":	false,
				"sender":	false
			}
		}, {
			"streams":	[{
					"socket":	5,
					"start":	8.005526,
					"end":	9.000736,
					"seconds":	0.99520999193191528,
					"bytes":	175112192,
					"bits_per_second":	1407640143.6450195,
					"omitted":	false,
					"sender":	false
				}],
			"sum":	{
				"start":	8.005526,
				"end":	9.000736,
				"seconds":	0.99520999193191528,
				"bytes":	175112192,
				"bits_per_second":	1407640143.6450195,
				"omitted":	false,
				"sender":	false
			}
		}, {
			"streams":	[{
					"socket":	5,
					"start":	9.000736,
					"end":	10.001251,
					"seconds":	1.0005149841308594,
					"bytes":	183894016,
					"bits_per_second":	1470394897.9614532,
					"omitted":	false,
					"sender":	false
				}],
			"sum":	{
				"start":	9.000736,
				"end":	10.001251,
				"seconds":	1.0005149841308594,
				"bytes":	183894016,
				"bits_per_second":	1470394897.9614532,
				"omitted":	false,
				"sender":	false
			}
		}, {
			"streams":	[{
					"socket":	5,
					"start":	10.001251,
					"end":	11.001119,
					"seconds":	0.99986797571182251,
					"bytes":	175374336,
					"bits_per_second":	1403179941.8330054,
					"omitted":	false,
					"sender":	false
				}],
			"sum":	{
				"start":	10.001251,
				"end":	11.001119,
				"seconds":	0.99986797571182251,
				"bytes":	175374336,
				"bits_per_second":	1403179941.8330054,
				"omitted":	false,
				"sender":	false
			}
		}, {
			"streams":	[{
					"socket":	5,
					"start":	11.001119,
					"end":	12.002571,
					"seconds":	1.0014519691467285,
					"bytes":	180748288,
					"bits_per_second":	1443889820.5293159,
					"omitted":	false,
					"sender":	false
				}],
			"sum":	{
				"start":	11.001119,
				"end":	12.002571,
				"seconds":	1.0014519691467285,
				"bytes":	180748288,
				"bits_per_second":	1443889820.5293159,
				"omitted":	false,
				"sender":	false
			}
		}, {
			"streams":	[{
					"socket":	5,
					"start":	12.002571,
					"end":	13.001391,
					"seconds":	0.99882000684738159,
					"bytes":	178913280,
					"bits_per_second":	1432997166.8445983,
					"omitted":	false,
					"sender":	false
				}],
			"sum":	{
				"start":	12.002571,
				"end":	13.001391,
				"seconds":	0.99882000684738159,
				"bytes":	178913280,
				"bits_per_second":	1432997166.8445983,
				"omitted":	false,
				"sender":	false
			}
		}, {
			"streams":	[{
					"socket":	5,
					"start":	13.001391,
					"end":	14.001726,
					"seconds":	1.0003349781036377,
					"bytes":	174850048,
					"bits_per_second":	1398331973.4072921,
					"omitted":	false,
					"sender":	false
				}],
			"sum":	{
				"start":	13.001391,
				"end":	14.001726,
				"seconds":	1.0003349781036377,
				"bytes":	174850048,
				"bits_per_second":	1398331973.4072921,
				"omitted":	false,
				"sender":	false
			}
		}, {
			"streams":	[{
					"socket":	5,
					"start":	14.001726,
					"end":	15.001201,
					"seconds":	0.99947500228881836,
					"bytes":	176685056,
					"bits_per_second":	1414222911.7917914,
					"omitted":	false,
					"sender":	false
				}],
			"sum":	{
				"start":	14.001726,
				"end":	15.001201,
				"seconds":	0.99947500228881836,
				"bytes":	176685056,
				"bits_per_second":	1414222911.7917914,
				"omitted":	false,
				"sender":	false
			}
		}, {
			"streams":	[{
					"socket":	5,
					"start":	15.001201,
					"end":	16.001141,
					"seconds":	0.99993997812271118,
					"bytes":	197787648,
					"bits_per_second":	1582396162.3882811,
					"omitted":	false,
					"sender":	false
				}],
			"sum":	{
				"start":	15.001201,
				"end":	16.001141,