{
	"start":	{
		"connected":	[{
				"socket":	5,
				"local_host":	"10.0.2.15",
				"local_port":	43936,
				"remote_host":	"10.0.2.2",
				"remote_port":	5201
			}],
		"version":	"iperf 3.16",
		"system_info":	"Linux ubuntuvm-VirtualBox 6.17.0-19-generic #19~24.04.2-Ubuntu SMP PREEMPT_DYNAMIC Fri Mar  6 23:08:46 UTC 2 x86_64",
		"timestamp":	{
			"time":	"Wed, 25 Mar 2026 12:14:04 GMT",
			"timesecs":	1774440844
		},
		"connecting_to":	{
			"host":	"10.0.2.2",
			"port":	5201
		},
		"cookie":	"cutxwtnyib7yfyhtmd2cgd3dqovdiqck5sd2",
		"tcp_mss_default":	1460,
		"target_bitrate":	0,
		"fq_rate":	0,
		"sock_bufsize":	0,
		"sndbuf_actual":	16384,
		"rcvbuf_actual":	131072,
		"test_start":	{
			"protocol":	"TCP",
			"num_streams":	1,
			"blksize":	131072,
			"omit":	0,
			"duration":	30,
			"bytes":	0,
			"blocks":	0,
			"reverse":	1,
			"tos":	0,
			"target_bitrate":	0,
			"bidir":	0,
			"fqrate":	0
		}
	},
	"intervals":	[{
			"streams":	[{
					"socket":	5,
					"start":	0,
					"end":	1.000994,
					"seconds":	1.0009939670562744,
					"bytes":	161480704,
					"bits_per_second":	1290562855.0380406,
					"omitted":	false,
					"sender":	false
				}],
			"sum":	{
				"start":	0,
				"end":	1.000994,
				"seconds":	1.0009939670562744,
				"bytes":	161480704,
				"bits_per_second":	1290562855.0380406,
				"omitted":	false,
				"sender":	false
			}
		}, {
			"streams":	[{
					"socket":	5,
					"start":	1.000994,
					"end":	2.002577,
					"seconds":	1.0015829801559448,
					"bytes":	171835392,
					"bits_per_second":	1372510479.1476829,
					"omitted":	false,
					"sender":	false
				}],
			"sum":	{
				"start":	1.000994,
				"end":	2.002577,
				"seconds":	1.0015829801559448,
				"bytes":	171835392,
				"bits_per_second":	1372510479.1476829,
				"omitted":	false,
				"sender":	false
			}
		}, {
			"streams":	[{
					"socket":	5,
					"start":	2.002577,
					"end":	3.001128,
					"seconds":	0.99855101108551025,
					"bytes":	179175424,
					"bits_per_second":	1435483391.5212483,
					"omitted":	false,
					"sender":	false
				}],
			"sum":	{
				"start":	2.002577,
				"end":	3.001128,
				"seconds":	0.99855101108551025,
				"bytes":	179175424,
				"bits_per_second":	1435483391.5212483,
				"omitted":	false,
				"sender":	false
			}
		}, {
			"streams":	[{
					"socket":	5,
					"start":	3.001128,
					"end":	4.003932,
					"seconds":	1.0028040409088135,
					"bytes":	174194688,
					"bits_per_second":	1389660838.1604221,
					"omitted":	false,
					"sender":	false
				}],
			"sum":	{
				"start":	3.001128,
				"end":	4.003932,
				"seconds":	1.0028040409088135,
				"bytes":	174194688,
				"bits_per_second":	1389660838.1604221,
				"omitted":	false,
				"sender":	false
			}
		}, {
			"streams":	[{
					"socket":	5,
					"start":	4.003932,
					"end":	5.000685,
					"seconds":	0.99675297737121582,
					"bytes":	182714368,
					"bits_per_second":	1466476626.7917759,
					"omitted":	false,
					"sender":	false
				}],
			"sum":	{
				"start":	4.003932,
				"end":	5.000685,
				"seconds":	0.99675297737121582,
				"bytes":	182714368,
				"bits_per_second":	1466476626.7917759,
				"omitted":	false,
				"sender":	false
			}
		}, {
			"streams":	[{
					"socket":	5,
					"start":	5.000685,
					"end":	6.001461,
					"seconds":	1.0007760524749756,
					"bytes":	183107584,
					"bits_per_second":	1463724744.7891233,
					"omitted":	false,
					"sender":	false
				}],
			"sum":	{
				"start":	5.000685,
				"end":	6.001461,
				"seconds":	1.0007760524749756,
				"bytes":	183107584,
				"bits_per_second":	1463724744.7891233,
				"omitted":	false,
				"sender":	false
			}
		}, {
			"streams":	[{
					"socket":	5,
					"start":	6.001461,
					"end":	7.00124,
					"seconds":	0.999778985977173,
					"bytes":	176422912,
					"bits_per_second":	1411695300.45736,
					"omitted":	false,
					"sender":	false
				}],
			"sum":	{
				"start":	6.001461,
				"end":	7.00124,
				"seconds":	0.999778985977173,
				"bytes":	176422912,
				"bits_per_second":	1411695300.45736,
				"omitted":	false,
				"sender":	false
			}
		}, {
			"streams":	[{
					"socket":	5,
					"start":	7.00124,
					"end":	8.001211,
					"seconds":	0.99997097253799438,
					"bytes":	180355072,
					"bits_per_second":	1442882459.2157636,
					"omitted":	false,
					"sender":	false
				}],
			"sum":	{
				"start":	7.00124,
				"end":	8.001211,
				"seconds":	0.99997097253799438,
				"bytes":	180355072,
				"bits_per_second":	1442882459.2157636,
				"omitted":	false,
				"sender":	false
			}
		}, {
			"streams":	[{
					"socket":	5,
					"start":	8.001211,
					"end":	9.0007,
					"seconds":	0.99948900938034058,
					"bytes":	182452224,
					"bits_per_second":	1460364024.3177145,
					"omitted":	false,
					"sender":	false
				}],
			"sum":	{
				"start":	8.001211,
				"end":	9.0007,
				"seconds":	0.99948900938034058,
				"bytes":	182452224,
				"bits_per_second":	1460364024.3177145,
				"omitted":	false,
				"sender":	false
			}
		}, {
			"streams":	[{
					"socket":	5,
					"start":	9.0007,
					"end":	10.000741,
					"seconds":	1.0000410079956055,
					"bytes":	184680448,
					"bits_per_second":	1477382999.4844496,
					"omitted":	false,
					"sender":	false
				}],
			"sum":	{
				"start":	9.0007,
				"end":	10.000741,
				"seconds":	1.0000410079956055,
				"bytes":	184680448,
				"bits_per_second":	1477382999.4844496,
				"omitted":	false,
				"sender":	false
			}
		}, {
			"streams":	[{
					"socket":	5,
					"start":	10.000741,
					"end":	11.000548,
					"seconds":	0.99980700016021729,
					"bytes":	192675840,
					"bits_per_second":	1541704268.676847,
					"omitted":	false,
					"sender":	false
				}],
			"sum":	{
				"start":	10.000741,
				"end":	11.000548,
				"seconds":	0.99980700016021729,
				"bytes":	192675840,
				"bits_per_second":	1541704268.676847,
				"omitted":	false,
				"sender":	false
			}
		}, {
			"streams":	[{
					"socket":	5,
					"start":	11.000548,
					"end":	12.004043,
					"seconds":	1.00349497795105,
					"bytes":	194248704,
					"bits_per_second":	1548577388.1728415,
					"omitted":	false,
					"sender":	false
				}],
			"sum":	{
				"start":	11.000548,
				"end":	12.004043,
				"seconds":	1.00349497795105,
				"bytes":	194248704,
				"bits_per_second":	1548577388.1728415,
				"omitted":	false,
				"sender":	false
			}
		}, {
			"streams":	[{
					"socket":	5,
					"start":	12.004043,
					"end":	13.001079,
					"seconds":	0.99703598022460938,
					"bytes":	170131456,
					"bits_per_second":	1365097824.94849,
					"omitted":	false,
					"sender":	false
				}],
			"sum":	{
				"start":	12.004043,
				"end":	13.001079,
				"seconds":	0.99703598022460938,
				"bytes":	170131456,
				"bits_per_second":	1365097824.94849,
				"omitted":	false,
				"sender":	false
			}
		}, {
			"streams":	[{
					"socket":	5,
					"start":	13.001079,
					"end":	14.002537,
					"seconds":	1.0014580488204956,
					"bytes":	174194688,
					"bits_per_second":	1391528587.3844781,
					"omitted":	false,
					"sender":	false
				}],
			"sum":	{
				"start":	13.001079,
				"end":	14.002537,
				"seconds":	1.0014580488204956,
				"bytes":	174194688,
				"bits_per_second":	1391528587.3844781,
				"omitted":	false,
				"sender":	false
			}
		}, {
			"streams":	[{
					"socket":	5,
					"start":	14.002537,
					"end":	15.004173,
					"seconds":	1.0016360282897949,
					"bytes":	180748288,
					"bits_per_second":	1443624493.4888115,
					"omitted":	false,
					"sender":	false
				}],
			"sum":	{
				"start":	14.002537,
				"end":	15.004173,
				"seconds":	1.0016360282897949,
				"bytes":	180748288,
				"bits_per_second":	1443624493.4888115,
				"omitted":	false,
				"sender":	false
			}
		}, {
			"streams":	[{
					"socket":	5,
					"start":	15.004173,
					"end":	16.003319,
					"seconds":	0.9991459846496582,
					"bytes":	177995776,
					"bits_per_second":	1425183336.4463766,
					"omitted":	false,
					"sender":	false
				}],
			"sum":	{
				"start":	15.004173,
				"end":	16.003319,