{
	"start":	{
		"connected":	[{
				"socket":	5,
				"local_host":	"10.0.2.15",
				"local_port":	38236,
				"remote_host":	"10.0.2.2",
				"remote_port":	5201
			}],
		"version":	"iperf 3.16",
		"system_info":	"Linux ubuntuvm-VirtualBox 6.17.0-19-generic #19~24.04.2-Ubuntu SMP PREEMPT_DYNAMIC Fri Mar  6 23:08:46 UTC 2 x86_64",
		"timestamp":	{
			"time":	"Wed, 25 Mar 2026 12:14:34 GMT",
			"timesecs":	1774440874
		},
		"connecting_to":	{
			"host":	"10.0.2.2",
			"port":	5201
		},
		"cookie":	"i7nuwdfep4cagbtyktd4bjxrlrciczweha5m",
		"tcp_mss_default":	1460,
		"target_bitrate":	0,
		"fq_rate":	0,
		"sock_bufsize":	0,
		"sndbuf_actual":	16384,
		"rcvbuf_actual":	131072,
		"test_start":	{
			"protocol":	"TCP",
			"num_streams":	1,
			"blksize":	131072,
			"omit":	0,
			"duration":	30,
			"bytes":	0,
			"blocks":	0,
			"reverse":	1,
			"tos":	0,
			"target_bitrate":	0,
			"bidir":	0,
			"fqrate":	0
		}
	},
	"intervals":	[{
			"streams":	[{
					"socket":	5,
					"start":	0,
					"end":	1.001194,
					"seconds":	1.0011940002441406,
					"bytes":	170786816,
					"bits_per_second":	1364665117.516515,
					"omitted":	false,
					"sender":	false
				}],
			"sum":	{
				"start":	0,
				"end":	1.001194,
				"seconds":	1.0011940002441406,
				"bytes":	170786816,
				"bits_per_second":	1364665117.516515,
				"omitted":	false,
				"sender":	false
			}
		}, {
			"streams":	[{
					"socket":	5,
					"start":	1.001194,
					"end":	2.001285,
					"seconds":	1.0000909566879272,
					"bytes":	178520064,
					"bits_per_second":	1428030623.0642674,
					"omitted":	false,
					"sender":	false
				}],
			"sum":	{
				"start":	1.001194,
				"end":	2.001285,
				"seconds":	1.0000909566879272,
				"bytes":	178520064,
				"bits_per_second":	1428030623.0642674,
				"omitted":	false,
				"sender":	false
			}
		}, {
			"streams":	[{
					"socket":	5,
					"start":	2.001285,
					"end":	3.00326,
					"seconds":	1.0019750595092773,
					"bytes":	180486144,
					"bits_per_second":	1441043006.3071156,
					"omitted":	false,
					"sender":	false
				}],
			"sum":	{
				"start":	2.001285,
				"end":	3.00326,
				"seconds":	1.0019750595092773,
				"bytes":	180486144,
				"bits_per_second":	1441043006.3071156,
				"omitted":	false,
				"sender":	false
			}
		}, {
			"streams":	[{
					"socket":	5,
					"start":	3.00326,
					"end":	4.003925,
					"seconds":	1.0006649494171143,
					"bytes":	175636480,
					"bits_per_second":	1404158145.8593745,
					"omitted":	false,
					"sender":	false
				}],
			"sum":	{
				"start":	3.00326,
				"end":	4.003925,
				"seconds":	1.0006649494171143,
				"bytes":	175636480,
				"bits_per_second":	1404158145.8593745,
				"omitted":	false,
				"sender":	false
			}
		}, {
			"streams":	[{
					"socket":	5,
					"start":	4.003925,
					"end":	5.002988,
					"seconds":	0.999063014984131,
					"bytes":	168558592,
					"bits_per_second":	1349733415.986197,
					"omitted":	false,
					"sender":	false
				}],
			"sum":	{
				"start":	4.003925,
				"end":	5.002988,
				"seconds":	0.999063014984131,
				"bytes":	168558592,
				"bits_per_second":	1349733415.986197,
				"omitted":	false,
				"sender":	false
			}
		}, {
			"streams":	[{
					"socket":	5,
					"start":	5.002988,
					"end":	6.000678,
					"seconds":	0.99769002199172974,
					"bytes":	181796864,
					"bits_per_second":	1457742264.5728896,
					"omitted":	false,
					"sender":	false
				}],
			"sum":	{
				"start":	5.002988,
				"end":	6.000678,
				"seconds":	0.99769002199172974,
				"bytes":	181796864,
				"bits_per_second":	1457742264.5728896,
				"omitted":	false,
				"sender":	false
			}
		}, {
			"streams":	[{
					"socket":	5,
					"start":	6.000678,
					"end":	7.001109,
					"seconds":	1.0004309415817261,
					"bytes":	172883968,
					"bits_per_second":	1382475977.6155081,
					"omitted":	false,
					"sender":	false
				}],
			"sum":	{
				"start":	6.000678,
				"end":	7.001109,
				"seconds":	1.0004309415817261,
				"bytes":	172883968,
				"bits_per_second":	1382475977.6155081,
				"omitted":	false,
				"sender":	false
			}
		}, {
			"streams":	[{
					"socket":	5,
					"start":	7.001109,
					"end":	8.00187,
					"seconds":	1.0007610321044922,
					"bytes":	185335808,
					"bits_per_second":	1481558950.0742958,
					"omitted":	false,
					"sender":	false
				}],
			"sum":	{
				"start":	7.001109,
				"end":	8.00187,
				"seconds":	1.0007610321044922,
				"bytes":	185335808,
				"bits_per_second":	1481558950.0742958,
				"omitted":	false,
				"sender":	false
			}
		}, {
			"streams":	[{
					"socket":	5,
					"start":	8.00187,
					"end":	9.002594,
					"seconds":	1.0007239580154419,
					"bytes":	189792256,
					"bits_per_second":	1517239630.2083645,
					"omitted":	false,
					"sender":	false
				}],
			"sum":	{
				"start":	8.00187,
				"end":	9.002594,
				"seconds":	1.0007239580154419,
				"bytes":	189792256,
				"bits_per_second":	1517239630.2083645,
				"omitted":	false,
				"sender":	false
			}
		}, {
			"streams":	[{
					"socket":	5,
					"start":	9.002594,
					"end":	10.001781,
					"seconds":	0.99918699264526367,
					"bytes":	185204736,
					"bits_per_second":	1482843450.6312859,
					"omitted":	false,
					"sender":	false
				}],
			"sum":	{
				"start":	9.002594,
				"end":	10.001781,
				"seconds":	0.99918699264526367,
				"bytes":	185204736,
				"bits_per_second":	1482843450.6312859,
				"omitted":	false,
				"sender":	false
			}
		}, {
			"streams":	[{
					"socket":	5,
					"start":	10.001781,
					"end":	11.001549,
					"seconds":	0.99976801872253418,
					"bytes":	181403648,
					"bits_per_second":	1451565920.1164744,
					"omitted":	false,
					"sender":	false
				}],
			"sum":	{
				"start":	10.001781,
				"end":	11.001549,
				"seconds":	0.99976801872253418,
				"bytes":	181403648,
				"bits_per_second":	1451565920.1164744,
				"omitted":	false,
				"sender":	false
			}
		}, {
			"streams":	[{
					"socket":	5,
					"start":	11.001549,
					"end":	12.00111,
					"seconds":	0.99956101179122925,
					"bytes":	179699712,
					"bits_per_second":	1438229061.5995536,
					"omitted":	false,
					"sender":	false
				}],
			"sum":	{
				"start":	11.001549,
				"end":	12.00111,
				"seconds":	0.99956101179122925,
				"bytes":	179699712,
				"bits_per_second":	1438229061.5995536,
				"omitted":	false,
				"sender":	false
			}
		}, {
			"streams":	[{
					"socket":	5,
					"start":	12.00111,
					"end":	13.001274,
					"seconds":	1.0001640319824219,
					"bytes":	179699712,
					"bits_per_second":	1437361922.674366,
					"omitted":	false,
					"sender":	false
				}],
			"sum":	{
				"start":	12.00111,
				"end":	13.001274,
				"seconds":	1.0001640319824219,
				"bytes":	179699712,
				"bits_per_second":	1437361922.674366,
				"omitted":	false,
				"sender":	false
			}
		}, {
			"streams":	[{
					"socket":	5,
					"start":	13.001274,
					"end":	14.001848,
					"seconds":	1.000573992729187,
					"bytes":	189005824,
					"bits_per_second":	1511179186.13466,
					"omitted":	false,
					"sender":	false
				}],
			"sum":	{
				"start":	13.001274,
				"end":	14.001848,
				"seconds":	1.000573992729187,
				"bytes":	189005824,
				"bits_per_second":	1511179186.13466,
				"omitted":	false,
				"sender":	false
			}
		}, {
			"streams":	[{
					"socket":	5,
					"start":	14.001848,
					"end":	15.003329,
					"seconds":	1.0014810562133789,
					"bytes":	187170816,
					"bits_per_second":	1495152123.6573107,
					"omitted":	false,
					"sender":	false
				}],
			"sum":	{
				"start":	14.001848,
				"end":	15.003329,
				"seconds":	1.0014810562133789,
				"bytes":	187170816,
				"bits_per_second":	1495152123.6573107,
				"omitted":	false,
				"sender":	false
			}
		}, {
			"streams":	[{
					"socket":	5,
					"start":	15.003329,
					"end":	16.001971,
					"seconds":	0.99864202737808228,
					"bytes":	189661184,
					"bits_per_second":	1519352711.3850975,
					"omitted":	false,
					"sender":	false
				}],
			"sum":	{
				"start":	15.003329,
				"end":	16.001971,