{
	"start":	{
		"connected":	[{
				"socket":	5,
				"local_host":	"10.0.2.15",
				"local_port":	41824,
				"remote_host":	"10.0.2.2",
				"remote_port":	5201
			}],
		"version":	"iperf 3.16",
		"system_info":	"Linux ubuntuvm-VirtualBox 6.17.0-19-generic #19~24.04.2-Ubuntu SMP PREEMPT_DYNAMIC Fri Mar  6 23:08:46 UTC 2 x86_64",
		"timestamp":	{
			"time":	"Wed, 25 Mar 2026 12:15:04 GMT",
			"timesecs":	1774440904
		},
		"connecting_to":	{
			"host":	"10.0.2.2",
			"port":	5201
		},
		"cookie":	"en6gxdpuee2njqi2wkyzyn7bi3dd47tpu5gc",
		"tcp_mss_default":	1460,
		"target_bitrate":	0,
		"fq_rate":	0,
		"sock_bufsize":	0,
		"sndbuf_actual":	16384,
		"rcvbuf_actual":	131072,
		"test_start":	{
			"protocol":	"TCP",
			"num_streams":	1,
			"blksize":	131072,
			"omit":	0,
			"duration":	30,
			"bytes":	0,
			"blocks":	0,
			"reverse":	1,
			"tos":	0,
			"target_bitrate":	0,
			"bidir":	0,
			"fqrate":	0
		}
	},
	"intervals":	[{
			"streams":	[{
					"socket":	5,
					"start":	0,
					"end":	1.001584,
					"seconds":	1.0015840530395508,
					"bytes":	176816128,
					"bits_per_second":	1412291878.7567225,
					"omitted":	false,
					"sender":	false
				}],
			"sum":	{
				"start":	0,
				"end":	1.001584,
				"seconds":	1.0015840530395508,
				"bytes":	176816128,
				"bits_per_second":	1412291878.7567225,
				"omitted":	false,
				"sender":	false
			}
		}, {
			"streams":	[{
					"socket":	5,
					"start":	1.001584,
					"end":	2.005875,
					"seconds":	1.00429105758667,
					"bytes":	175505408,
					"bits_per_second":	1398044175.9323657,
					"omitted":	false,
					"sender":	false
				}],
			"sum":	{
				"start":	1.001584,
				"end":	2.005875,
				"seconds":	1.00429105758667,
				"bytes":	175505408,
				"bits_per_second":	1398044175.9323657,
				"omitted":	false,
				"sender":	false
			}
		}, {
			"streams":	[{
					"socket":	5,
					"start":	2.005875,
					"end":	3.001274,
					"seconds":	0.995398998260498,
					"bytes":	183631872,
					"bits_per_second":	1475845342.9903343,
					"omitted":	false,
					"sender":	false
				}],
			"sum":	{
				"start":	2.005875,
				"end":	3.001274,
				"seconds":	0.995398998260498,
				"bytes":	183631872,
				"bits_per_second":	1475845342.9903343,
				"omitted":	false,
				"sender":	false
			}
		}, {
			"streams":	[{
					"socket":	5,
					"start":	3.001274,
					"end":	4.000537,
					"seconds":	0.99926298856735229,
					"bytes":	180617216,
					"bits_per_second":	1446003449.0736153,
					"omitted":	false,
					"sender":	false
				}],
			"sum":	{
				"start":	3.001274,
				"end":	4.000537,
				"seconds":	0.99926298856735229,
				"bytes":	180617216,
				"bits_per_second":	1446003449.0736153,
				"omitted":	false,
				"sender":	false
			}
		}, {
			"streams":	[{
					"socket":	5,
					"start":	4.000537,
					"end":	5.002117,
					"seconds":	1.0015799999237061,
					"bytes":	187170816,
					"bits_per_second":	1495004421.1286764,
					"omitted":	false,
					"sender":	false
				}],
			"sum":	{
				"start":	4.000537,
				"end":	5.002117,
				"seconds":	1.0015799999237061,
				"bytes":	187170816,
				"bits_per_second":	1495004421.1286764,
				"omitted":	false,
				"sender":	false
			}
		}, {
			"streams":	[{
					"socket":	5,
					"start":	5.002117,
					"end":	6.003925,
					"seconds":	1.0018080472946167,
					"bytes":	170917888,
					"bits_per_second":	1364875344.8252995,
					"omitted":	false,
					"sender":	false
				}],
			"sum":	{
				"start":	5.002117,
				"end":	6.003925,
				"seconds":	1.0018080472946167,
				"bytes":	170917888,
				"bits_per_second":	1364875344.8252995,
				"omitted":	false,
				"sender":	false
			}
		}, {
			"streams":	[{
					"socket":	5,
					"start":	6.003925,
					"end":	7.000782,
					"seconds":	0.996856987476349,
					"bytes":	180486144,
					"bits_per_second":	1448441622.1582208,
					"omitted":	false,
					"sender":	false
				}],
			"sum":	{
				"start":	6.003925,
				"end":	7.000782,
				"seconds":	0.996856987476349,
				"bytes":	180486144,
				"bits_per_second":	1448441622.1582208,
				"omitted":	false,
				"sender":	false
			}
		}, {
			"streams":	[{
					"socket":	5,
					"start":	7.000782,
					"end":	8.001099,
					"seconds":	1.0003169775009155,
					"bytes":	172228608,
					"bits_per_second":	1377392261.6431239,
					"omitted":	false,
					"sender":	false
				}],
			"sum":	{
				"start":	7.000782,
				"end":	8.001099,
				"seconds":	1.0003169775009155,
				"bytes":	172228608,
				"bits_per_second":	1377392261.6431239,
				"omitted":	false,
				"sender":	false
			}
		}, {
			"streams":	[{
					"socket":	5,
					"start":	8.001099,
					"end":	9.001541,
					"seconds":	1.0004420280456543,
					"bytes":	167116800,
					"bits_per_second":	1336343698.6065824,
					"omitted":	false,
					"sender":	false
				}],
			"sum":	{
				"start":	8.001099,
				"end":	9.001541,
				"seconds":	1.0004420280456543,
				"bytes":	167116800,
				"bits_per_second":	1336343698.6065824,
				"omitted":	false,
				"sender":	false
			}
		}, {
			"streams":	[{
					"socket":	5,
					"start":	9.001541,
					"end":	10.001497,
					"seconds":	0.99995601177215576,
					"bytes":	161742848,
					"bits_per_second":	1293999704.7538431,
					"omitted":	false,
					"sender":	false
				}],
			"sum":	{
				"start":	9.001541,
				"end":	10.001497,
				"seconds":	0.99995601177215576,
				"bytes":	161742848,
				"bits_per_second":	1293999704.7538431,
				"omitted":	false,
				"sender":	false
			}
		}, {
			"streams":	[{
					"socket":	5,
					"start":	10.001497,
					"end":	11.001253,
					"seconds":	0.99975597858428955,
					"bytes":	164757504,
					"bits_per_second":	1318381745.3799543,
					"omitted":	false,
					"sender":	false
				}],
			"sum":	{
				"start":	10.001497,
				"end":	11.001253,
				"seconds":	0.99975597858428955,
				"bytes":	164757504,
				"bits_per_second":	1318381745.3799543,
				"omitted":	false,
				"sender":	false
			}
		}, {
			"streams":	[{
					"socket":	5,
					"start":	11.001253,
					"end":	12.001055,
					"seconds":	0.999801993370056,
					"bytes":	182976512,
					"bits_per_second":	1464101997.9024987,
					"omitted":	false,
					"sender":	false
				}],
			"sum":	{
				"start":	11.001253,
				"end":	12.001055,
				"seconds":	0.999801993370056,
				"bytes":	182976512,
				"bits_per_second":	1464101997.9024987,
				"omitted":	false,
				"sender":	false
			}
		}, {
			"streams":	[{
					"socket":	5,
					"start":	12.001055,
					"end":	13.000765,
					"seconds":	0.99971002340316772,
					"bytes":	160432128,
					"bits_per_second":	1283829304.4526186,
					"omitted":	false,
					"sender":	false
				}],
			"sum":	{
				"start":	12.001055,
				"end":	13.000765,
				"seconds":	0.99971002340316772,
				"bytes":	160432128,
				"bits_per_second":	1283829304.4526186,
				"omitted":	false,
				"sender":	false
			}
		}, {
			"streams":	[{
					"socket":	5,
					"start":	13.000765,
					"end":	14.000222,
					"seconds":	0.99945700168609619,
					"bytes":	187564032,
					"bits_per_second":	1501327474.2871554,
					"omitted":	false,
					"sender":	false
				}],
			"sum":	{
				"start":	13.000765,
				"end":	14.000222,
				"seconds":	0.99945700168609619,
				"bytes":	187564032,
				"bits_per_second":	1501327474.2871554,
				"omitted":	false,
				"sender":	false
			}
		}, {
			"streams":	[{
					"socket":	5,
					"start":	14.000222,
					"end":	15.001908,
					"seconds":	1.0016859769821167,
					"bytes":	177864704,
					"bits_per_second":	1420522663.4867861,
					"omitted":	false,
					"sender":	false
				}],
			"sum":	{
				"start":	14.000222,
				"end":	15.001908,
				"seconds":	1.0016859769821167,
				"bytes":	177864704,
				"bits_per_second":	1420522663.4867861,
				"omitted":	false,
				"sender":	false
			}
		}, {
			"streams":	[{
					"socket":	5,
					"start":	15.001908,
					"end":	16.001039,
					"seconds":	0.99913102388381958,
					"bytes":	190840832,
					"bits_per_second":	1528054498.8637347,
					"omitted":	false,
					"sender":	false
				}],
			"sum":	{
				"start":	15.001908,
				"end":	16.001039,