{
	"start":	{
		"connected":	[{
				"socket":	5,
				"local_host":	"10.0.2.15",
				"local_port":	52203,
				"remote_host":	"10.0.2.2",
				"remote_port":	5201
			}],
		"version":	"iperf 3.16",
		"system_info":	"Linux ubuntuvm-VirtualBox 6.17.0-19-generic #19~24.04.2-Ubuntu SMP PREEMPT_DYNAMIC Fri Mar  6 23:08:46 UTC 2 x86_64",
		"timestamp":	{
			"time":	"Wed, 25 Mar 2026 12:18:04 GMT",
			"timesecs":	1774441084
		},
		"connecting_to":	{
			"host":	"10.0.2.2",
			"port":	5201
		},
		"cookie":	"4wstha54wbc74a5rtiwcsy522rsmtp2uihcq",
		"target_bitrate":	0,
		"fq_rate":	0,
		"sock_bufsize":	0,
		"sndbuf_actual":	212992,
		"rcvbuf_actual":	212992,
		"test_start":	{
			"protocol":	"UDP",
			"num_streams":	1,
			"blksize":	1460,
			"omit":	0,
			"duration":	30,
			"bytes":	0,
			"blocks":	0,
			"reverse":	0,
			"tos":	0,
			"target_bitrate":	0,
			"bidir":	0,
			"fqrate":	0
		}
	},
	"intervals":	[{
			"streams":	[{
					"socket":	5,
					"start":	0,
					"end":	1.002172,
					"seconds":	1.0021719932556152,
					"bytes":	211040080,
					"bits_per_second":	1684661566.4396987,
					"packets":	144549,
					"omitted":	false,
					"sender":	true
				}],
			"sum":	{
				"start":	0,
				"end":	1.002172,
				"seconds":	1.0021719932556152,
				"bytes":	211040080,
				"bits_per_second":	1684661566.4396987,
				"packets":	144549,
				"omitted":	false,
				"sender":	true
			}
		}, {
			"streams":	[{
					"socket":	5,
					"start":	1.002172,
					"end":	2.006535,
					"seconds":	1.004362940788269,
					"bytes":	176115420,
					"bits_per_second":	1402803013.5144312,
					"packets":	120629,
					"omitted":	false,
					"sender":	true
				}],
			"sum":	{
				"start":	1.002172,
				"end":	2.006535,
				"seconds":	1.004362940788269,
				"bytes":	176115420,
				"bits_per_second":	1402803013.5144312,
				"packets":	120629,
				"omitted":	false,
				"sender":	true
			}
		}, {
			"streams":	[{
					"socket":	5,
					"start":	2.006535,
					"end":	3.001892,
					"seconds":	0.9953569769859314,
					"bytes":	162680500,
					"bits_per_second":	1307514821.4070287,
					"packets":	111425,
					"omitted":	false,
					"sender":	true
				}],
			"sum":	{
				"start":	2.006535,
				"end":	3.001892,
				"seconds":	0.9953569769859314,
				"bytes":	162680500,
				"bits_per_second":	1307514821.4070287,
				"packets":	111425,
				"omitted":	false,
				"sender":	true
			}
		}, {
			"streams":	[{
					"socket":	5,
					"start":	3.001892,
					"end":	4.00888,
					"seconds":	1.0069880485534668,
					"bytes":	169882680,
					"bits_per_second":	1349630158.9202423,
					"packets":	116358,
					"omitted":	false,
					"sender":	true
				}],
			"sum":	{
				"start":	3.001892,
				"end":	4.00888,
				"seconds":	1.0069880485534668,
				"bytes":	169882680,
				"bits_per_second":	1349630158.9202423,
				"packets":	116358,
				"omitted":	false,
				"sender":	true
			}
		}, {
			"streams":	[{
					"socket":	5,
					"start":	4.00888,
					"end":	5.000809,
					"seconds":	0.991928994655609,
					"bytes":	95180320,
					"bits_per_second":	767638171.78705168,
					"packets":	65192,
					"omitted":	false,
					"sender":	true
				}],
			"sum":	{
				"start":	4.00888,
				"end":	5.000809,
				"seconds":	0.991928994655609,
				"bytes":	95180320,
				"bits_per_second":	767638171.78705168,
				"packets":	65192,
				"omitted":	false,
				"sender":	true
			}
		}, {
			"streams":	[{
					"socket":	5,
					"start":	5.000809,
					"end":	6.001834,
					"seconds":	1.0010249614715576,
					"bytes":	107255980,
					"bits_per_second":	857169274.519015,
					"packets":	73463,
					"omitted":	false,
					"sender":	true
				}],
			"sum":	{
				"start":	5.000809,
				"end":	6.001834,
				"seconds":	1.0010249614715576,
				"bytes":	107255980,
				"bits_per_second":	857169274.519015,
				"packets":	73463,
				"omitted":	false,
				"sender":	true
			}
		}, {
			"streams":	[{
					"socket":	5,
					"start":	6.001834,
					"end":	7.003608,
					"seconds":	1.0017739534378052,
					"bytes":	100047960,
					"bits_per_second":	798966350.895139,
					"packets":	68526,
					"omitted":	false,
					"sender":	true
				}],
			"sum":	{
				"start":	6.001834,
				"end":	7.003608,
				"seconds":	1.0017739534378052,
				"bytes":	100047960,
				"bits_per_second":	798966350.895139,
				"packets":	68526,
				"omitted":	false,
				"sender":	true
			}
		}, {
			"streams":	[{
					"socket":	5,
					"start":	7.003608,
					"end":	8.007788,
					"seconds":	1.0041799545288086,
					"bytes":	97399520,
					"bits_per_second":	775952712.943391,
					"packets":	66712,
					"omitted":	false,
					"sender":	true
				}],
			"sum":	{
				"start":	7.003608,
				"end":	8.007788,
				"seconds":	1.0041799545288086,
				"bytes":	97399520,
				"bits_per_second":	775952712.943391,
				"packets":	66712,
				"omitted":	false,
				"sender":	true
			}
		}, {
			"streams":	[{
					"socket":	5,
					"start":	8.007788,
					"end":	9.032102,
					"seconds":	1.0243140459060669,
					"bytes":	126930940,
					"bits_per_second":	991343937.983176,
					"packets":	86939,
					"omitted":	false,
					"sender":	true
				}],
			"sum":	{
				"start":	8.007788,
				"end":	9.032102,
				"seconds":	1.0243140459060669,
				"bytes":	126930940,
				"bits_per_second":	991343937.983176,
				"packets":	86939,
				"omitted":	false,
				"sender":	true
			}
		}, {
			"streams":	[{
					"socket":	5,
					"start":	9.032102,
					"end":	10.001206,
					"seconds":	0.969103991985321,
					"bytes":	122861920,
					"bits_per_second":	1014231050.6702441,
					"packets":	84152,
					"omitted":	false,
					"sender":	true
				}],
			"sum":	{
				"start":	9.032102,
				"end":	10.001206,
				"seconds":	0.969103991985321,
				"bytes":	122861920,
				"bits_per_second":	1014231050.6702441,
				"packets":	84152,
				"omitted":	false,
				"sender":	true
			}
		}, {
			"streams":	[{
					"socket":	5,
					"start":	10.001206,
					"end":	11.012652,
					"seconds":	1.0114459991455078,
					"bytes":	94650340,
					"bits_per_second":	748633857.50668037,
					"packets":	64829,
					"omitted":	false,
					"sender":	true
				}],
			"sum":	{
				"start":	10.001206,
				"end":	11.012652,
				"seconds":	1.0114459991455078,
				"bytes":	94650340,
				"bits_per_second":	748633857.50668037,
				"packets":	64829,
				"omitted":	false,
				"sender":	true
			}
		}, {
			"streams":	[{
					"socket":	5,
					"start":	11.012652,
					"end":	12.013126,
					"seconds":	1.0004739761352539,
					"bytes":	95949740,
					"bits_per_second":	767234269.266219,
					"packets":	65719,
					"omitted":	false,
					"sender":	true
				}],
			"sum":	{
				"start":	11.012652,
				"end":	12.013126,
				"seconds":	1.0004739761352539,
				"bytes":	95949740,
				"bits_per_second":	767234269.266219,
				"packets":	65719,
				"omitted":	false,
				"sender":	true
			}
		}, {
			"streams":	[{
					"socket":	5,
					"start":	12.013126,
					"end":	13.001387,
					"seconds":	0.98826098442077637,
					"bytes":	113021520,
					"bits_per_second":	914912330.096628,
					"packets":	77413,
					"omitted":	false,
					"sender":	true
				}],
			"sum":	{
				"start":	12.013126,
				"end":	13.001387,
				"seconds":	0.98826098442077637,
				"bytes":	113021520,
				"bits_per_second":	914912330.096628,
				"packets":	77413,
				"omitted":	false,
				"sender":	true
			}
		}, {
			"streams":	[{
					"socket":	5,
					"start":	13.001387,
					"end":	14.006027,
					"seconds":	1.0046399831771851,
					"bytes":	101176540,
					"bits_per_second":	805674006.16509867,
					"packets":	69299,
					"omitted":	false,
					"sender":	true
				}],
			"sum":	{
				"start":	13.001387,
				"end":	14.006027,
				"seconds":	1.0046399831771851,
				"bytes":	101176540,
				"bits_per_second":	805674006.16509867,
				"packets":	69299,
				"omitted":	false,
				"sender":	true
			}
		}, {
			"streams":	[{
					"socket":	5,
					"start":	14.006027,
					"end":	15.016589,
					"seconds":	1.0105619430541992,
					"bytes":	96713320,
					"bits_per_second":	765620123.85073948,
					"packets":	66242,