{
	"start":	{
		"connected":	[{
				"socket":	5,
				"local_host":	"10.0.2.15",
				"local_port":	38816,
				"remote_host":	"10.0.2.2",
				"remote_port":	5201
			}],
		"version":	"iperf 3.16",
		"system_info":	"Linux ubuntuvm-VirtualBox 6.17.0-19-generic #19~24.04.2-Ubuntu SMP PREEMPT_DYNAMIC Fri Mar  6 23:08:46 UTC 2 x86_64",
		"timestamp":	{
			"time":	"Wed, 25 Mar 2026 12:17:04 GMT",
			"timesecs":	1774441024
		},
		"connecting_to":	{
			"host":	"10.0.2.2",
			"port":	5201
		},
		"cookie":	"wj7uj3e7o3qtwjf5hbjdq5z2r2tfafzadiss",
		"target_bitrate":	0,
		"fq_rate":	0,
		"sock_bufsize":	0,
		"sndbuf_actual":	212992,
		"rcvbuf_actual":	212992,
		"test_start":	{
			"protocol":	"UDP",
			"num_streams":	1,
			"blksize":	1460,
			"omit":	0,
			"duration":	30,
			"bytes":	0,
			"blocks":	0,
			"reverse":	0,
			"tos":	0,
			"target_bitrate":	0,
			"bidir":	0,
			"fqrate":	0
		}
	},
	"intervals":	[{
			"streams":	[{
					"socket":	5,
					"start":	0,
					"end":	1.001151,
					"seconds":	1.0011509656906128,
					"bytes":	106495320,
					"bits_per_second":	850983107.63981557,
					"packets":	72943,
					"omitted":	false,
					"sender":	true
				}],
			"sum":	{
				"start":	0,
				"end":	1.001151,
				"seconds":	1.0011509656906128,
				"bytes":	106495320,
				"bits_per_second":	850983107.63981557,
				"packets":	72943,
				"omitted":	false,
				"sender":	true
			}
		}, {
			"streams":	[{
					"socket":	5,
					"start":	1.001151,
					"end":	2.00139,
					"seconds":	1.0002390146255493,
					"bytes":	211554000,
					"bits_per_second":	1692027580.6613891,
					"packets":	144900,
					"omitted":	false,
					"sender":	true
				}],
			"sum":	{
				"start":	1.001151,
				"end":	2.00139,
				"seconds":	1.0002390146255493,
				"bytes":	211554000,
				"bits_per_second":	1692027580.6613891,
				"packets":	144900,
				"omitted":	false,
				"sender":	true
			}
		}, {
			"streams":	[{
					"socket":	5,
					"start":	2.00139,
					"end":	3.001746,
					"seconds":	1.0003559589385986,
					"bytes":	190982600,
					"bits_per_second":	1527317137.8127208,
					"packets":	130811,
					"omitted":	false,
					"sender":	true
				}],
			"sum":	{
				"start":	2.00139,
				"end":	3.001746,
				"seconds":	1.0003559589385986,
				"bytes":	190982600,
				"bits_per_second":	1527317137.8127208,
				"packets":	130811,
				"omitted":	false,
				"sender":	true
			}
		}, {
			"streams":	[{
					"socket":	5,
					"start":	3.001746,
					"end":	4.00132,
					"seconds":	0.99957400560379028,
					"bytes":	149387200,
					"bits_per_second":	1195606921.8487771,
					"packets":	102320,
					"omitted":	false,
					"sender":	true
				}],
			"sum":	{
				"start":	3.001746,
				"end":	4.00132,
				"seconds":	0.99957400560379028,
				"bytes":	149387200,
				"bits_per_second":	1195606921.8487771,
				"packets":	102320,
				"omitted":	false,
				"sender":	true
			}
		}, {
			"streams":	[{
					"socket":	5,
					"start":	4.00132,
					"end":	5.017341,
					"seconds":	1.0160210132598877,
					"bytes":	130053880,
					"bits_per_second":	1024025119.9744315,
					"packets":	89078,
					"omitted":	false,
					"sender":	true
				}],
			"sum":	{
				"start":	4.00132,
				"end":	5.017341,
				"seconds":	1.0160210132598877,
				"bytes":	130053880,
				"bits_per_second":	1024025119.9744315,
				"packets":	89078,
				"omitted":	false,
				"sender":	true
			}
		}, {
			"streams":	[{
					"socket":	5,
					"start":	5.017341,
					"end":	6.002491,
					"seconds":	0.98514997959136963,
					"bytes":	90172520,
					"bits_per_second":	732254149.05781281,
					"packets":	61762,
					"omitted":	false,
					"sender":	true
				}],
			"sum":	{
				"start":	5.017341,
				"end":	6.002491,
				"seconds":	0.98514997959136963,
				"bytes":	90172520,
				"bits_per_second":	732254149.05781281,
				"packets":	61762,
				"omitted":	false,
				"sender":	true
			}
		}, {
			"streams":	[{
					"socket":	5,
					"start":	6.002491,
					"end":	7.000919,
					"seconds":	0.998427987098694,
					"bytes":	96634480,
					"bits_per_second":	774293038.64614332,
					"packets":	66188,
					"omitted":	false,
					"sender":	true
				}],
			"sum":	{
				"start":	6.002491,
				"end":	7.000919,
				"seconds":	0.998427987098694,
				"bytes":	96634480,
				"bits_per_second":	774293038.64614332,
				"packets":	66188,
				"omitted":	false,
				"sender":	true
			}
		}, {
			"streams":	[{
					"socket":	5,
					"start":	7.000919,
					"end":	8.009435,
					"seconds":	1.0085159540176392,
					"bytes":	117887700,
					"bits_per_second":	935138007.72605824,
					"packets":	80746,
					"omitted":	false,
					"sender":	true
				}],
			"sum":	{
				"start":	7.000919,
				"end":	8.009435,
				"seconds":	1.0085159540176392,
				"bytes":	117887700,
				"bits_per_second":	935138007.72605824,
				"packets":	80746,
				"omitted":	false,
				"sender":	true
			}
		}, {
			"streams":	[{
					"socket":	5,
					"start":	8.009435,
					"end":	9.001959,
					"seconds":	0.992524027824402,
					"bytes":	101659800,
					"bits_per_second":	819404243.32365465,
					"packets":	69630,
					"omitted":	false,
					"sender":	true
				}],
			"sum":	{
				"start":	8.009435,
				"end":	9.001959,
				"seconds":	0.992524027824402,
				"bytes":	101659800,
				"bits_per_second":	819404243.32365465,
				"packets":	69630,
				"omitted":	false,
				"sender":	true
			}
		}, {
			"streams":	[{
					"socket":	5,
					"start":	9.001959,
					"end":	10.016326,
					"seconds":	1.0143669843673706,
					"bytes":	124754080,
					"bits_per_second":	983897007.08017635,
					"packets":	85448,
					"omitted":	false,
					"sender":	true
				}],
			"sum":	{
				"start":	9.001959,
				"end":	10.016326,
				"seconds":	1.0143669843673706,
				"bytes":	124754080,
				"bits_per_second":	983897007.08017635,
				"packets":	85448,
				"omitted":	false,
				"sender":	true
			}
		}, {
			"streams":	[{
					"socket":	5,
					"start":	10.016326,
					"end":	11.002165,
					"seconds":	0.985839009284973,
					"bytes":	91292340,
					"bits_per_second":	740829601.10263145,
					"packets":	62529,
					"omitted":	false,
					"sender":	true
				}],
			"sum":	{
				"start":	10.016326,
				"end":	11.002165,
				"seconds":	0.985839009284973,
				"bytes":	91292340,
				"bits_per_second":	740829601.10263145,
				"packets":	62529,
				"omitted":	false,
				"sender":	true
			}
		}, {
			"streams":	[{
					"socket":	5,
					"start":	11.002165,
					"end":	12.001316,
					"seconds":	0.99915099143981934,
					"bytes":	135111320,
					"bits_per_second":	1081809025.12281,
					"packets":	92542,
					"omitted":	false,
					"sender":	true
				}],
			"sum":	{
				"start":	11.002165,
				"end":	12.001316,
				"seconds":	0.99915099143981934,
				"bytes":	135111320,
				"bits_per_second":	1081809025.12281,
				"packets":	92542,
				"omitted":	false,
				"sender":	true
			}
		}, {
			"streams":	[{
					"socket":	5,
					"start":	12.001316,
					"end":	13.003472,
					"seconds":	1.0021560192108154,
					"bytes":	117598620,
					"bits_per_second":	938764964.70166278,
					"packets":	80547,
					"omitted":	false,
					"sender":	true
				}],
			"sum":	{
				"start":	12.001316,
				"end":	13.003472,
				"seconds":	1.0021560192108154,
				"bytes":	117598620,
				"bits_per_second":	938764964.70166278,
				"packets":	80547,
				"omitted":	false,
				"sender":	true
			}
		}, {
			"streams":	[{
					"socket":	5,
					"start":	13.003472,
					"end":	14.020561,
					"seconds":	1.0170890092849731,
					"bytes":	108145120,
					"bits_per_second":	850624627.836869,
					"packets":	74072,
					"omitted":	false,
					"sender":	true
				}],
			"sum":	{
				"start":	13.003472,
				"end":	14.020561,
				"seconds":	1.0170890092849731,
				"bytes":	108145120,
				"bits_per_second":	850624627.836869,
				"packets":	74072,
				"omitted":	false,
				"sender":	true
			}
		}, {
			"streams":	[{
					"socket":	5,
					"start":	14.020561,
					"end":	15.006848,
					"seconds":	0.986286997795105,
					"bytes":	92742120,
					"bits_per_second":	752252601.58416164,