{
	"start":	{
		"connected":	[{
				"socket":	5,
				"local_host":	"10.0.2.15",
				"local_port":	35974,
				"remote_host":	"10.0.2.2",
				"remote_port":	5201
			}],
		"version":	"iperf 3.16",
		"system_info":	"Linux ubuntuvm-VirtualBox 6.17.0-19-generic #19~24.04.2-Ubuntu SMP PREEMPT_DYNAMIC Fri Mar  6 23:08:46 UTC 2 x86_64",
		"timestamp":	{
			"time":	"Wed, 25 Mar 2026 12:18:34 GMT",
			"timesecs":	1774441114
		},
		"connecting_to":	{
			"host":	"10.0.2.2",
			"port":	5201
		},
		"cookie":	"zaun5wauczj2petbixhapltzzcbmbkjcg77c",
		"target_bitrate":	0,
		"fq_rate":	0,
		"sock_bufsize":	0,
		"sndbuf_actual":	212992,
		"rcvbuf_actual":	212992,
		"test_start":	{
			"protocol":	"UDP",
			"num_streams":	1,
			"blksize":	1460,
			"omit":	0,
			"duration":	30,
			"bytes":	0,
			"blocks":	0,
			"reverse":	0,
			"tos":	0,
			"target_bitrate":	0,
			"bidir":	0,
			"fqrate":	0
		}
	},
	"intervals":	[{
			"streams":	[{
					"socket":	5,
					"start":	0,
					"end":	1.013981,
					"seconds":	1.0139809846878052,
					"bytes":	93178660,
					"bits_per_second":	735151143.12475038,
					"packets":	63822,
					"omitted":	false,
					"sender":	true
				}],
			"sum":	{
				"start":	0,
				"end":	1.013981,
				"seconds":	1.0139809846878052,
				"bytes":	93178660,
				"bits_per_second":	735151143.12475038,
				"packets":	63822,
				"omitted":	false,
				"sender":	true
			}
		}, {
			"streams":	[{
					"socket":	5,
					"start":	1.013981,
					"end":	2.005158,
					"seconds":	0.9911770224571228,
					"bytes":	90550660,
					"bits_per_second":	730853584.76551747,
					"packets":	62021,
					"omitted":	false,
					"sender":	true
				}],
			"sum":	{
				"start":	1.013981,
				"end":	2.005158,
				"seconds":	0.9911770224571228,
				"bytes":	90550660,
				"bits_per_second":	730853584.76551747,
				"packets":	62021,
				"omitted":	false,
				"sender":	true
			}
		}, {
			"streams":	[{
					"socket":	5,
					"start":	2.005158,
					"end":	3.021717,
					"seconds":	1.0165590047836304,
					"bytes":	97739700,
					"bits_per_second":	769180732.56989872,
					"packets":	66945,
					"omitted":	false,
					"sender":	true
				}],
			"sum":	{
				"start":	2.005158,
				"end":	3.021717,
				"seconds":	1.0165590047836304,
				"bytes":	97739700,
				"bits_per_second":	769180732.56989872,
				"packets":	66945,
				"omitted":	false,
				"sender":	true
			}
		}, {
			"streams":	[{
					"socket":	5,
					"start":	3.021717,
					"end":	4.003723,
					"seconds":	0.982006013393402,
					"bytes":	92661820,
					"bits_per_second":	754877821.408034,
					"packets":	63467,
					"omitted":	false,
					"sender":	true
				}],
			"sum":	{
				"start":	3.021717,
				"end":	4.003723,
				"seconds":	0.982006013393402,
				"bytes":	92661820,
				"bits_per_second":	754877821.408034,
				"packets":	63467,
				"omitted":	false,
				"sender":	true
			}
		}, {
			"streams":	[{
					"socket":	5,
					"start":	4.003723,
					"end":	5.001765,
					"seconds":	0.99804198741912842,
					"bytes":	170438940,
					"bits_per_second":	1366186530.4143686,
					"packets":	116739,
					"omitted":	false,
					"sender":	true
				}],
			"sum":	{
				"start":	4.003723,
				"end":	5.001765,
				"seconds":	0.99804198741912842,
				"bytes":	170438940,
				"bits_per_second":	1366186530.4143686,
				"packets":	116739,
				"omitted":	false,
				"sender":	true
			}
		}, {
			"streams":	[{
					"socket":	5,
					"start":	5.001765,
					"end":	6.00713,
					"seconds":	1.0053650140762329,
					"bytes":	112858000,
					"bits_per_second":	898045970.725951,
					"packets":	77300,
					"omitted":	false,
					"sender":	true
				}],
			"sum":	{
				"start":	5.001765,
				"end":	6.00713,
				"seconds":	1.0053650140762329,
				"bytes":	112858000,
				"bits_per_second":	898045970.725951,
				"packets":	77300,
				"omitted":	false,
				"sender":	true
			}
		}, {
			"streams":	[{
					"socket":	5,
					"start":	6.00713,
					"end":	7.017512,
					"seconds":	1.0103820562362671,
					"bytes":	96806760,
					"bits_per_second":	766496272.59305,
					"packets":	66306,
					"omitted":	false,
					"sender":	true
				}],
			"sum":	{
				"start":	6.00713,
				"end":	7.017512,
				"seconds":	1.0103820562362671,
				"bytes":	96806760,
				"bits_per_second":	766496272.59305,
				"packets":	66306,
				"omitted":	false,
				"sender":	true
			}
		}, {
			"streams":	[{
					"socket":	5,
					"start":	7.017512,
					"end":	8.009442,
					"seconds":	0.99193000793457031,
					"bytes":	94650340,
					"bits_per_second":	763363053.787104,
					"packets":	64830,
					"omitted":	false,
					"sender":	true
				}],
			"sum":	{
				"start":	7.017512,
				"end":	8.009442,
				"seconds":	0.99193000793457031,
				"bytes":	94650340,
				"bits_per_second":	763363053.787104,
				"packets":	64830,
				"omitted":	false,
				"sender":	true
			}
		}, {
			"streams":	[{
					"socket":	5,
					"start":	8.009442,
					"end":	9.002643,
					"seconds":	0.99320101737976074,
					"bytes":	103873160,
					"bits_per_second":	836673810.6977433,
					"packets":	71146,
					"omitted":	false,
					"sender":	true
				}],
			"sum":	{
				"start":	8.009442,
				"end":	9.002643,
				"seconds":	0.99320101737976074,
				"bytes":	103873160,
				"bits_per_second":	836673810.6977433,
				"packets":	71146,
				"omitted":	false,
				"sender":	true
			}
		}, {
			"streams":	[{
					"socket":	5,
					"start":	9.002643,
					"end":	10.007286,
					"seconds":	1.0046429634094238,
					"bytes":	128348600,
					"bits_per_second":	1022043489.4755253,
					"packets":	87910,
					"omitted":	false,
					"sender":	true
				}],
			"sum":	{
				"start":	9.002643,
				"end":	10.007286,
				"seconds":	1.0046429634094238,
				"bytes":	128348600,
				"bits_per_second":	1022043489.4755253,
				"packets":	87910,
				"omitted":	false,
				"sender":	true
			}
		}, {
			"streams":	[{
					"socket":	5,
					"start":	10.007286,
					"end":	11.011502,
					"seconds":	1.0042159557342529,
					"bytes":	98065280,
					"bits_per_second":	781228614.7419163,
					"packets":	67168,
					"omitted":	false,
					"sender":	true
				}],
			"sum":	{
				"start":	10.007286,
				"end":	11.011502,
				"seconds":	1.0042159557342529,
				"bytes":	98065280,
				"bits_per_second":	781228614.7419163,
				"packets":	67168,
				"omitted":	false,
				"sender":	true
			}
		}, {
			"streams":	[{
					"socket":	5,
					"start":	11.011502,
					"end":	12.012531,
					"seconds":	1.0010290145874023,
					"bytes":	134537540,
					"bits_per_second":	1075193929.7619884,
					"packets":	92149,
					"omitted":	false,
					"sender":	true
				}],
			"sum":	{
				"start":	11.011502,
				"end":	12.012531,
				"seconds":	1.0010290145874023,
				"bytes":	134537540,
				"bits_per_second":	1075193929.7619884,
				"packets":	92149,
				"omitted":	false,
				"sender":	true
			}
		}, {
			"streams":	[{
					"socket":	5,
					"start":	12.012531,
					"end":	13.027133,
					"seconds":	1.0146019458770752,
					"bytes":	94132040,
					"bits_per_second":	742218485.840788,
					"packets":	64474,
					"omitted":	false,
					"sender":	true
				}],
			"sum":	{
				"start":	12.012531,
				"end":	13.027133,
				"seconds":	1.0146019458770752,
				"bytes":	94132040,
				"bits_per_second":	742218485.840788,
				"packets":	64474,
				"omitted":	false,
				"sender":	true
			}
		}, {
			"streams":	[{
					"socket":	5,
					"start":	13.027133,
					"end":	14.001027,
					"seconds":	0.97389400005340576,
					"bytes":	141630220,
					"bits_per_second":	1163413841.689,
					"packets":	97007,
					"omitted":	false,
					"sender":	true
				}],
			"sum":	{
				"start":	13.027133,
				"end":	14.001027,
				"seconds":	0.97389400005340576,
				"bytes":	141630220,
				"bits_per_second":	1163413841.689,
				"packets":	97007,
				"omitted":	false,
				"sender":	true
			}
		}, {
			"streams":	[{
					"socket":	5,
					"start":	14.001027,
					"end":	15.001059,
					"seconds":	1.0000319480895996,
					"bytes":	143820220,
					"bits_per_second":	1150525002.92412,
					"packets":	98508,
					"omitted":	false,