{
	"start":	{
		"connected":	[{
				"socket":	5,
				"local_host":	"10.0.2.15",
				"local_port":	39098,
				"remote_host":	"10.0.2.2",
				"remote_port":	5201
			}],
		"version":	"iperf 3.16",
		"system_info":	"Linux ubuntuvm-VirtualBox 6.17.0-19-generic #19~24.04.2-Ubuntu SMP PREEMPT_DYNAMIC Fri Mar  6 23:08:46 UTC 2 x86_64",
		"timestamp":	{
			"time":	"Wed, 25 Mar 2026 12:16:34 GMT",
			"timesecs":	1774440994
		},
		"connecting_to":	{
			"host":	"10.0.2.2",
			"port":	5201
		},
		"cookie":	"fkfcsfcfom5omsqbr2o7ujooixwvqil6n6x7",
		"target_bitrate":	0,
		"fq_rate":	0,
		"sock_bufsize":	0,
		"sndbuf_actual":	212992,
		"rcvbuf_actual":	212992,
		"test_start":	{
			"protocol":	"UDP",
			"num_streams":	1,
			"blksize":	1460,
			"omit":	0,
			"duration":	30,
			"bytes":	0,
			"blocks":	0,
			"reverse":	0,
			"tos":	0,
			"target_bitrate":	0,
			"bidir":	0,
			"fqrate":	0
		}
	},
	"intervals":	[{
			"streams":	[{
					"socket":	5,
					"start":	0,
					"end":	1.000735,
					"seconds":	1.00073504447937,
					"bytes":	157071180,
					"bits_per_second":	1255646483.9839072,
					"packets":	107584,
					"omitted":	false,
					"sender":	true
				}],
			"sum":	{
				"start":	0,
				"end":	1.000735,
				"seconds":	1.00073504447937,
				"bytes":	157071180,
				"bits_per_second":	1255646483.9839072,
				"packets":	107584,
				"omitted":	false,
				"sender":	true
			}
		}, {
			"streams":	[{
					"socket":	5,
					"start":	1.000735,
					"end":	2.000588,
					"seconds":	0.999853014945984,
					"bytes":	201345680,
					"bits_per_second":	1611002233.2502744,
					"packets":	137908,
					"omitted":	false,
					"sender":	true
				}],
			"sum":	{
				"start":	1.000735,
				"end":	2.000588,
				"seconds":	0.999853014945984,
				"bytes":	201345680,
				"bits_per_second":	1611002233.2502744,
				"packets":	137908,
				"omitted":	false,
				"sender":	true
			}
		}, {
			"streams":	[{
					"socket":	5,
					"start":	2.000588,
					"end":	3.00097,
					"seconds":	1.0003819465637207,
					"bytes":	152240040,
					"bits_per_second":	1217455317.1251407,
					"packets":	104274,
					"omitted":	false,
					"sender":	true
				}],
			"sum":	{
				"start":	2.000588,
				"end":	3.00097,
				"seconds":	1.0003819465637207,
				"bytes":	152240040,
				"bits_per_second":	1217455317.1251407,
				"packets":	104274,
				"omitted":	false,
				"sender":	true
			}
		}, {
			"streams":	[{
					"socket":	5,
					"start":	3.00097,
					"end":	4.017759,
					"seconds":	1.0167889595031738,
					"bytes":	118449800,
					"bits_per_second":	931951897.336708,
					"packets":	81130,
					"omitted":	false,
					"sender":	true
				}],
			"sum":	{
				"start":	3.00097,
				"end":	4.017759,
				"seconds":	1.0167889595031738,
				"bytes":	118449800,
				"bits_per_second":	931951897.336708,
				"packets":	81130,
				"omitted":	false,
				"sender":	true
			}
		}, {
			"streams":	[{
					"socket":	5,
					"start":	4.017759,
					"end":	5.007147,
					"seconds":	0.98938798904418945,
					"bytes":	94772980,
					"bits_per_second":	766315993.72098,
					"packets":	64913,
					"omitted":	false,
					"sender":	true
				}],
			"sum":	{
				"start":	4.017759,
				"end":	5.007147,
				"seconds":	0.98938798904418945,
				"bytes":	94772980,
				"bits_per_second":	766315993.72098,
				"packets":	64913,
				"omitted":	false,
				"sender":	true
			}
		}, {
			"streams":	[{
					"socket":	5,
					"start":	5.007147,
					"end":	6.016978,
					"seconds":	1.0098309516906738,
					"bytes":	122310040,
					"bits_per_second":	968954574.388727,
					"packets":	83774,
					"omitted":	false,
					"sender":	true
				}],
			"sum":	{
				"start":	5.007147,
				"end":	6.016978,
				"seconds":	1.0098309516906738,
				"bytes":	122310040,
				"bits_per_second":	968954574.388727,
				"packets":	83774,
				"omitted":	false,
				"sender":	true
			}
		}, {
			"streams":	[{
					"socket":	5,
					"start":	6.016978,
					"end":	7.000748,
					"seconds":	0.98377001285552979,
					"bytes":	101065580,
					"bits_per_second":	821863473.61121976,
					"packets":	69223,
					"omitted":	false,
					"sender":	true
				}],
			"sum":	{
				"start":	6.016978,
				"end":	7.000748,
				"seconds":	0.98377001285552979,
				"bytes":	101065580,
				"bits_per_second":	821863473.61121976,
				"packets":	69223,
				"omitted":	false,
				"sender":	true
			}
		}, {
			"streams":	[{
					"socket":	5,
					"start":	7.000748,
					"end":	8.018313,
					"seconds":	1.0175650119781494,
					"bytes":	149210540,
					"bits_per_second":	1173079170.3219769,
					"packets":	102199,
					"omitted":	false,
					"sender":	true
				}],
			"sum":	{
				"start":	7.000748,
				"end":	8.018313,
				"seconds":	1.0175650119781494,
				"bytes":	149210540,
				"bits_per_second":	1173079170.3219769,
				"packets":	102199,
				"omitted":	false,
				"sender":	true
			}
		}, {
			"streams":	[{
					"socket":	5,
					"start":	8.018313,
					"end":	9.003975,
					"seconds":	0.98566198348999023,
					"bytes":	120102520,
					"bits_per_second":	974796812.79577065,
					"packets":	82262,
					"omitted":	false,
					"sender":	true
				}],
			"sum":	{
				"start":	8.018313,
				"end":	9.003975,
				"seconds":	0.98566198348999023,
				"bytes":	120102520,
				"bits_per_second":	974796812.79577065,
				"packets":	82262,
				"omitted":	false,
				"sender":	true
			}
		}, {
			"streams":	[{
					"socket":	5,
					"start":	9.003975,
					"end":	10.006514,
					"seconds":	1.0025390386581421,
					"bytes":	117746080,
					"bits_per_second":	939583002.434286,
					"packets":	80649,
					"omitted":	false,
					"sender":	true
				}],
			"sum":	{
				"start":	9.003975,
				"end":	10.006514,
				"seconds":	1.0025390386581421,
				"bytes":	117746080,
				"bits_per_second":	939583002.434286,
				"packets":	80649,
				"omitted":	false,
				"sender":	true
			}
		}, {
			"streams":	[{
					"socket":	5,
					"start":	10.006514,
					"end":	11.015109,
					"seconds":	1.0085949897766113,
					"bytes":	97671080,
					"bits_per_second":	774710015.33832872,
					"packets":	66898,
					"omitted":	false,
					"sender":	true
				}],
			"sum":	{
				"start":	10.006514,
				"end":	11.015109,
				"seconds":	1.0085949897766113,
				"bytes":	97671080,
				"bits_per_second":	774710015.33832872,
				"packets":	66898,
				"omitted":	false,
				"sender":	true
			}
		}, {
			"streams":	[{
					"socket":	5,
					"start":	11.015109,
					"end":	12.001628,
					"seconds":	0.9865189790725708,
					"bytes":	131722660,
					"bits_per_second":	1068181456.5703162,
					"packets":	90221,
					"omitted":	false,
					"sender":	true
				}],
			"sum":	{
				"start":	11.015109,
				"end":	12.001628,
				"seconds":	0.9865189790725708,
				"bytes":	131722660,
				"bits_per_second":	1068181456.5703162,
				"packets":	90221,
				"omitted":	false,
				"sender":	true
			}
		}, {
			"streams":	[{
					"socket":	5,
					"start":	12.001628,
					"end":	13.00455,
					"seconds":	1.0029220581054688,
					"bytes":	119918560,
					"bits_per_second":	956553375.45593548,
					"packets":	82136,
					"omitted":	false,
					"sender":	true
				}],
			"sum":	{
				"start":	12.001628,
				"end":	13.00455,
				"seconds":	1.0029220581054688,
				"bytes":	119918560,
				"bits_per_second":	956553375.45593548,
				"packets":	82136,
				"omitted":	false,
				"sender":	true
			}
		}, {
			"streams":	[{
					"socket":	5,
					"start":	13.00455,
					"end":	14.00145,
					"seconds":	0.99690002202987671,
					"bytes":	92482240,
					"bits_per_second":	742158595.29575443,
					"packets":	63344,
					"omitted":	false,
					"sender":	true
				}],
			"sum":	{
				"start":	13.00455,
				"end":	14.00145,
				"seconds":	0.99690002202987671,
				"bytes":	92482240,
				"bits_per_second":	742158595.29575443,
				"packets":	63344,
				"omitted":	false,
				"sender":	true
			}
		}, {
			"streams":	[{
					"socket":	5,
					"start":	14.00145,
					"end":	15.002142,
					"seconds":	1.0006920099258423,
					"bytes":	95459180,
					"bits_per_second":	763145335.85272968,
					"packets":	65383,