{
	"start":	{
		"connected":	[{
				"socket":	5,
				"local_host":	"10.0.2.15",
				"local_port":	48058,
				"remote_host":	"10.0.2.2",
				"remote_port":	5201
			}],
		"version":	"iperf 3.16",
		"system_info":	"Linux ubuntuvm-VirtualBox 6.17.0-19-generic #19~24.04.2-Ubuntu SMP PREEMPT_DYNAMIC Fri Mar  6 23:08:46 UTC 2 x86_64",
		"timestamp":	{
			"time":	"Wed, 25 Mar 2026 12:17:34 GMT",
			"timesecs":	1774441054
		},
		"connecting_to":	{
			"host":	"10.0.2.2",
			"port":	5201
		},
		"cookie":	"prslddwcbrzdavlf2msyowf5ntwsrue5mdrl",
		"target_bitrate":	0,
		"fq_rate":	0,
		"sock_bufsize":	0,
		"sndbuf_actual":	212992,
		"rcvbuf_actual":	212992,
		"test_start":	{
			"protocol":	"UDP",
			"num_streams":	1,
			"blksize":	1460,
			"omit":	0,
			"duration":	30,
			"bytes":	0,
			"blocks":	0,
			"reverse":	0,
			"tos":	0,
			"target_bitrate":	0,
			"bidir":	0,
			"fqrate":	0
		}
	},
	"intervals":	[{
			"streams":	[{
					"socket":	5,
					"start":	0,
					"end":	1.056108,
					"seconds":	1.0561079978942871,
					"bytes":	149322960,
					"bits_per_second":	1131118865.0988455,
					"packets":	102277,
					"omitted":	false,
					"sender":	true
				}],
			"sum":	{
				"start":	0,
				"end":	1.056108,
				"seconds":	1.0561079978942871,
				"bytes":	149322960,
				"bits_per_second":	1131118865.0988455,
				"packets":	102277,
				"omitted":	false,
				"sender":	true
			}
		}, {
			"streams":	[{
					"socket":	5,
					"start":	1.056108,
					"end":	2.007461,
					"seconds":	0.95135301351547241,
					"bytes":	91090860,
					"bits_per_second":	765989984.41933072,
					"packets":	62392,
					"omitted":	false,
					"sender":	true
				}],
			"sum":	{
				"start":	1.056108,
				"end":	2.007461,
				"seconds":	0.95135301351547241,
				"bytes":	91090860,
				"bits_per_second":	765989984.41933072,
				"packets":	62392,
				"omitted":	false,
				"sender":	true
			}
		}, {
			"streams":	[{
					"socket":	5,
					"start":	2.007461,
					"end":	3.00444,
					"seconds":	0.996978998184204,
					"bytes":	95368660,
					"bits_per_second":	765261135.27923656,
					"packets":	65322,
					"omitted":	false,
					"sender":	true
				}],
			"sum":	{
				"start":	2.007461,
				"end":	3.00444,
				"seconds":	0.996978998184204,
				"bytes":	95368660,
				"bits_per_second":	765261135.27923656,
				"packets":	65322,
				"omitted":	false,
				"sender":	true
			}
		}, {
			"streams":	[{
					"socket":	5,
					"start":	3.00444,
					"end":	4.017059,
					"seconds":	1.0126190185546875,
					"bytes":	121128900,
					"bits_per_second":	956955362.52429819,
					"packets":	82965,
					"omitted":	false,
					"sender":	true
				}],
			"sum":	{
				"start":	3.00444,
				"end":	4.017059,
				"seconds":	1.0126190185546875,
				"bytes":	121128900,
				"bits_per_second":	956955362.52429819,
				"packets":	82965,
				"omitted":	false,
				"sender":	true
			}
		}, {
			"streams":	[{
					"socket":	5,
					"start":	4.017059,
					"end":	5.000849,
					"seconds":	0.98378998041152954,
					"bytes":	135498220,
					"bits_per_second":	1101846716.8638549,
					"packets":	92807,
					"omitted":	false,
					"sender":	true
				}],
			"sum":	{
				"start":	4.017059,
				"end":	5.000849,
				"seconds":	0.98378998041152954,
				"bytes":	135498220,
				"bits_per_second":	1101846716.8638549,
				"packets":	92807,
				"omitted":	false,
				"sender":	true
			}
		}, {
			"streams":	[{
					"socket":	5,
					"start":	5.000849,
					"end":	6.005341,
					"seconds":	1.0044920444488525,
					"bytes":	93577240,
					"bits_per_second":	745270133.43421125,
					"packets":	64094,
					"omitted":	false,
					"sender":	true
				}],
			"sum":	{
				"start":	5.000849,
				"end":	6.005341,
				"seconds":	1.0044920444488525,
				"bytes":	93577240,
				"bits_per_second":	745270133.43421125,
				"packets":	64094,
				"omitted":	false,
				"sender":	true
			}
		}, {
			"streams":	[{
					"socket":	5,
					"start":	6.005341,
					"end":	7.010345,
					"seconds":	1.0050040483474731,
					"bytes":	98345600,
					"bits_per_second":	782847393.79276764,
					"packets":	67360,
					"omitted":	false,
					"sender":	true
				}],
			"sum":	{
				"start":	6.005341,
				"end":	7.010345,
				"seconds":	1.0050040483474731,
				"bytes":	98345600,
				"bits_per_second":	782847393.79276764,
				"packets":	67360,
				"omitted":	false,
				"sender":	true
			}
		}, {
			"streams":	[{
					"socket":	5,
					"start":	7.010345,
					"end":	8.001144,
					"seconds":	0.99079900979995728,
					"bytes":	99872760,
					"bits_per_second":	806401774.82748473,
					"packets":	68406,
					"omitted":	false,
					"sender":	true
				}],
			"sum":	{
				"start":	7.010345,
				"end":	8.001144,
				"seconds":	0.99079900979995728,
				"bytes":	99872760,
				"bits_per_second":	806401774.82748473,
				"packets":	68406,
				"omitted":	false,
				"sender":	true
			}
		}, {
			"streams":	[{
					"socket":	5,
					"start":	8.001144,
					"end":	9.002857,
					"seconds":	1.0017130374908447,
					"bytes":	111338140,
					"bits_per_second":	889181918.03821933,
					"packets":	76259,
					"omitted":	false,
					"sender":	true
				}],
			"sum":	{
				"start":	8.001144,
				"end":	9.002857,
				"seconds":	1.0017130374908447,
				"bytes":	111338140,
				"bits_per_second":	889181918.03821933,
				"packets":	76259,
				"omitted":	false,
				"sender":	true
			}
		}, {
			"streams":	[{
					"socket":	5,
					"start":	9.002857,
					"end":	10.005552,
					"seconds":	1.0026949644088745,
					"bytes":	97744080,
					"bits_per_second":	779850969.393259,
					"packets":	66948,
					"omitted":	false,
					"sender":	true
				}],
			"sum":	{
				"start":	9.002857,
				"end":	10.005552,
				"seconds":	1.0026949644088745,
				"bytes":	97744080,
				"bits_per_second":	779850969.393259,
				"packets":	66948,
				"omitted":	false,
				"sender":	true
			}
		}, {
			"streams":	[{
					"socket":	5,
					"start":	10.005552,
					"end":	11.016844,
					"seconds":	1.0112919807434082,
					"bytes":	97627280,
					"bits_per_second":	772297471.82002544,
					"packets":	66868,
					"omitted":	false,
					"sender":	true
				}],
			"sum":	{
				"start":	10.005552,
				"end":	11.016844,
				"seconds":	1.0112919807434082,
				"bytes":	97627280,
				"bits_per_second":	772297471.82002544,
				"packets":	66868,
				"omitted":	false,
				"sender":	true
			}
		}, {
			"streams":	[{
					"socket":	5,
					"start":	11.016844,
					"end":	12.008037,
					"seconds":	0.99119299650192261,
					"bytes":	96465120,
					"bits_per_second":	778577898.27362156,
					"packets":	66072,
					"omitted":	false,
					"sender":	true
				}],
			"sum":	{
				"start":	11.016844,
				"end":	12.008037,
				"seconds":	0.99119299650192261,
				"bytes":	96465120,
				"bits_per_second":	778577898.27362156,
				"packets":	66072,
				"omitted":	false,
				"sender":	true
			}
		}, {
			"streams":	[{
					"socket":	5,
					"start":	12.008037,
					"end":	13.019828,
					"seconds":	1.0117909908294678,
					"bytes":	97586400,
					"bits_per_second":	771593349.88739932,
					"packets":	66840,
					"omitted":	false,
					"sender":	true
				}],
			"sum":	{
				"start":	12.008037,
				"end":	13.019828,
				"seconds":	1.0117909908294678,
				"bytes":	97586400,
				"bits_per_second":	771593349.88739932,
				"packets":	66840,
				"omitted":	false,
				"sender":	true
			}
		}, {
			"streams":	[{
					"socket":	5,
					"start":	13.019828,
					"end":	14.002761,
					"seconds":	0.982932984828949,
					"bytes":	119848480,
					"bits_per_second":	975435614.429858,
					"packets":	82088,
					"omitted":	false,
					"sender":	true
				}],
			"sum":	{
				"start":	13.019828,
				"end":	14.002761,
				"seconds":	0.982932984828949,
				"bytes":	119848480,
				"bits_per_second":	975435614.429858,
				"packets":	82088,
				"omitted":	false,
				"sender":	true
			}
		}, {
			"streams":	[{
					"socket":	5,
					"start":	14.002761,
					"end":	15.01156,
					"seconds":	1.0087989568710327,
					"bytes":	116208700,
					"bits_per_second":	921560826.03766131,
					"packets":	79595,