{
  "fio version" : "fio-3.36",
  "timestamp" : 1774780067,
  "timestamp_ms" : 1774780067119,
  "time" : "Sun Mar 29 15:57:47 2026",
  "jobs" : [
    {
      "jobname" : "bsscale_write_64k",
      "groupid" : 0,
      "job_start" : 1774780036777,
      "error" : 0,
      "eta" : 0,
      "elapsed" : 31,
      "job options" : {
        "name" : "bsscale_write_64k",
        "filename" : "/home/ubuntuvm/fio_test/fio_testfile",
        "rw" : "write",
        "bs" : "64k",
        "size" : "2g",
        "numjobs" : "1",
        "iodepth" : "32",
        "ioengine" : "libaio",
        "direct" : "1",
        "runtime" : "30"
      },
      "read" : {
        "io_bytes" : 0,
        "io_kbytes" : 0,
        "bw_bytes" : 0,
        "bw" : 0,
        "iops" : 0.000000,
        "runtime" : 0,
        "total_ios" : 0,
        "short_ios" : 0,
        "drop_ios" : 0,
        "slat_ns" : {
          "min" : 0,
          "max" : 0,
          "mean" : 0.000000,
          "stddev" : 0.000000,
          "N" : 0
        },
        "clat_ns" : {
          "min" : 0,
          "max" : 0,
          "mean" : 0.000000,
          "stddev" : 0.000000,
          "N" : 0
        },
        "lat_ns" : {
          "min" : 0,
          "max" : 0,
          "mean" : 0.000000,
          "stddev" : 0.000000,
          "N" : 0
        },
        "bw_min" : 0,
        "bw_max" : 0,
        "bw_agg" : 0.000000,
        "bw_mean" : 0.000000,
        "bw_dev" : 0.000000,
        "bw_samples" : 0,
        "iops_min" : 0,
        "iops_max" : 0,
        "iops_mean" : 0.000000,
        "iops_stddev" : 0.000000,
        "iops_samples" : 0
      },
      "write" : {
        "io_bytes" : 24293277696,
        "io_kbytes" : 23723904,
        "bw_bytes" : 801626058,
        "bw" : 782837,
        "iops" : 12231.842930,
        "runtime" : 30305,
        "total_ios" : 370686,
        "short_ios" : 0,
        "drop_ios" : 0,
        "slat_ns" : {
          "min" : 3535,
          "max" : 15548699,
          "mean" : 36801.188186,
          "stddev" : 41202.376797,
          "N" : 370686
        },
        "clat_ns" : {
          "min" : 872,
          "max" : 652010938,
          "mean" : 2575644.095116,
          "stddev" : 12222717.262625,
          "N" : 370686,
          "percentile" : {
            "1.000000" : 52480,
            "5.000000" : 77312,
            "10.000000" : 125440,
            "20.000000" : 268288,
            "30.000000" : 436224,
            "40.000000" : 634880,
            "50.000000" : 905216,
            "60.000000" : 1400832,
            "70.000000" : 2113536,
            "80.000000" : 4882432,
            "90.000000" : 5931008,
            "95.000000" : 6586368,
            "99.000000" : 14221312,
            "99.500000" : 17170432,
            "99.900000" : 267386880,
            "99.950000" : 291504128,
            "99.990000" : 450887680
          }
        },
        "lat_ns" : {
          "min" : 47648,
          "max" : 652064157,
          "mean" : 2612445.283302,
          "stddev" : 12222158.374993,
          "N" : 370686
        },
        "bw_min" : 8110,
        "bw_max" : 965493,
        "bw_agg" : 100.000000,
        "bw_mean" : 788388.433333,
        "bw_dev" : 334631.921380,
        "bw_samples" : 60,
        "iops_min" : 126,
        "iops_max" : 15085,
        "iops_mean" : 12318.216667,
        "iops_stddev" : 5228.704299,
        "iops_samples" : 60
      },
      "trim" : {
        "io_bytes" : 0,
        "io_kbytes" : 0,
        "bw_bytes" : 0,
        "bw" : 0,
        "iops" : 0.000000,
        "runtime" : 0,
        "total_ios" : 0,
        "short_ios" : 0,
        "drop_ios" : 0,
        "slat_ns" : {
          "min" : 0,
          "max" : 0,
          "mean" : 0.000000,
          "stddev" : 0.000000,
          "N" : 0
        },
        "clat_ns" : {
          "min" : 0,
          "max" : 0,
          "mean" : 0.000000,
          "stddev" : 0.000000,
          "N" : 0
        },
        "lat_ns" : {
          "min" : 0,
          "max" : 0,
          "mean" : 0.000000,
          "stddev" : 0.000000,
          "N" : 0
        },
        "bw_min" : 0,
        "bw_max" : 0,
        "bw_agg" : 0.000000,
        "bw_mean" : 0.000000,
        "bw_dev" : 0.000000,
        "bw_samples" : 0,
        "iops_min" : 0,
        "iops_max" : 0,
        "iops_mean" : 0.000000,
        "iops_stddev" : 0.000000,
        "iops_samples" : 0
      },
      "sync" : {
        "total_ios" : 0,
        "lat_ns" : {
          "min" : 0,
          "max" : 0,
          "mean" : 0.000000,
          "stddev" : 0.000000,
          "N" : 0
        }
      },
      "job_runtime" : 30304,
      "usr_cpu" : 1.438754,
      "sys_cpu" : 45.673838,
      "ctx" : 187653,
      "majf" : 0,
      "minf" : 13,
      "iodepth_level" : {
        "1" : 0.100000,
        "2" : 0.100000,
        "4" : 0.100000,
        "8" : 0.100000,
        "16" : 0.100000,
        "32" : 99.991637,
        ">=64" : 0.000000
      },
      "iodepth_submit" : {
        "0" : 0.000000,
        "4" : 100.000000,
        "8" : 0.000000,
        "16" : 0.000000,
        "32" : 0.000000,
        "64" : 0.000000,
        ">=64" : 0.000000
      },
      "iodepth_complete" : {
        "0" : 0.000000,
        "4" : 99.999730,
        "8" : 0.000000,
        "16" : 0.000000,
        "32" : 0.100000,
        "64" : 0.000000,
        ">=64" : 0.000000
      },
      "latency_ns" : {
        "2" : 0.000000,
        "4" : 0.000000,
        "10" : 0.000000,
        "20" : 0.000000,
        "50" : 0.000000,
        "100" : 0.000000,
        "250" : 0.000000,
        "500" : 0.000000,
        "750" : 0.000000,
        "1000" : 0.012409
      },
      "latency_us" : {
        "2" : 0.144597,
        "4" : 0.032103,
        "10" : 0.010000,
        "20" : 0.061238,
        "50" : 0.485047,
        "100" : 7.001883,
        "250" : 11.100770,
        "500" : 14.523343,
        "750" : 11.502458,
        "1000" : 7.751304
      },
      "latency_ms" : {
        "2" : 15.380403,
        "4" : 7.499609,
        "10" : 23.285476,
        "20" : 1.004624,
        "50" : 0.065554,
        "100" : 0.000000,
        "250" : 0.027517,
        "500" : 0.110606,
        "750" : 0.010000,
        "1000" : 0.000000,
        "2000" : 0.000000,
        ">=2000" : 0.000000
      },
      "latency_depth" : 32,
      "latency_target" : 0,
      "latency_percentile" : 100.000000,
      "latency_window" : 0
    }
  ],
  "disk_util" : [
    {
      "name" : "sda",
      "read_ios" : 2,
      "write_ios" : 370373,
      "read_sectors" : 16,
      "write_sectors" : 47447680,
      "read_merges" : 0,
      "write_merges" : 370,
      "read_ticks" : 16,
      "write_ticks" : 711138,
      "in_queue" : 711838,
      "util" : 85.518520
    }
  ]
}
