{
  "fio version" : "fio-3.36",
  "timestamp" : 1774780034,
  "timestamp_ms" : 1774780034283,
  "time" : "Sun Mar 29 15:57:14 2026",
  "jobs" : [
    {
      "jobname" : "bsscale_read_64k",
      "groupid" : 0,
      "job_start" : 1774780004244,
      "error" : 0,
      "eta" : 0,
      "elapsed" : 31,
      "job options" : {
        "name" : "bsscale_read_64k",
        "filename" : "/home/ubuntuvm/fio_test/fio_testfile",
        "rw" : "read",
        "bs" : "64k",
        "size" : "2g",
        "numjobs" : "1",
        "iodepth" : "32",
        "ioengine" : "libaio",
        "direct" : "1",
        "runtime" : "30"
      },
      "read" : {
        "io_bytes" : 40460484608,
        "io_kbytes" : 39512192,
        "bw_bytes" : 1348637865,
        "bw" : 1317029,
        "iops" : 20578.580714,
        "runtime" : 30001,
        "total_ios" : 617378,
        "short_ios" : 0,
        "drop_ios" : 0,
        "slat_ns" : {
          "min" : 3136,
          "max" : 1765959,
          "mean" : 39204.589244,
          "stddev" : 29378.318760,
          "N" : 617378
        },
        "clat_ns" : {
          "min" : 463775,
          "max" : 10772969,
          "mean" : 1515015.859514,
          "stddev" : 336284.961625,
          "N" : 617378,
          "percentile" : {
            "1.000000" : 806912,
            "5.000000" : 987136,
            "10.000000" : 1105920,
            "20.000000" : 1269760,
            "30.000000" : 1368064,
            "40.000000" : 1449984,
            "50.000000" : 1515520,
            "60.000000" : 1581056,
            "70.000000" : 1662976,
            "80.000000" : 1744896,
            "90.000000" : 1875968,
            "95.000000" : 2007040,
            "99.000000" : 2375680,
            "99.500000" : 2605056,
            "99.900000" : 3981312,
            "99.950000" : 4751360,
            "99.990000" : 6258688
          }
        },
        "lat_ns" : {
          "min" : 529644,
          "max" : 10794661,
          "mean" : 1554220.448757,
          "stddev" : 336771.058855,
          "N" : 617378
        },
        "bw_min" : 1172096,
        "bw_max" : 1392926,
        "bw_agg" : 100.000000,
        "bw_mean" : 1318752.491525,
        "bw_dev" : 44943.208182,
        "bw_samples" : 59,
        "iops_min" : 18314,
        "iops_max" : 21764,
        "iops_mean" : 20605.254237,
        "iops_stddev" : 702.198852,
        "iops_samples" : 59
      },
      "write" : {
        "io_bytes" : 0,
        "io_kbytes" : 0,
        "bw_bytes" : 0,
        "bw" : 0,
        "iops" : 0.000000,
        "runtime" : 0,
        "total_ios" : 0,
        "short_ios" : 0,
        "drop_ios" : 0,
        "slat_ns" : {
          "min" : 0,
          "max" : 0,
          "mean" : 0.000000,
          "stddev" : 0.000000,
          "N" : 0
        },
        "clat_ns" : {
          "min" : 0,
          "max" : 0,
          "mean" : 0.000000,
          "stddev" : 0.000000,
          "N" : 0
        },
        "lat_ns" : {
          "min" : 0,
          "max" : 0,
          "mean" : 0.000000,
          "stddev" : 0.000000,
          "N" : 0
        },
        "bw_min" : 0,
        "bw_max" : 0,
        "bw_agg" : 0.000000,
        "bw_mean" : 0.000000,
        "bw_dev" : 0.000000,
        "bw_samples" : 0,
        "iops_min" : 0,
        "iops_max" : 0,
        "iops_mean" : 0.000000,
        "iops_stddev" : 0.000000,
        "iops_samples" : 0
      },
      "trim" : {
        "io_bytes" : 0,
        "io_kbytes" : 0,
        "bw_bytes" : 0,
        "bw" : 0,
        "iops" : 0.000000,
        "runtime" : 0,
        "total_ios" : 0,
        "short_ios" : 0,
        "drop_ios" : 0,
        "slat_ns" : {
          "min" : 0,
          "max" : 0,
          "mean" : 0.000000,
          "stddev" : 0.000000,
          "N" : 0
        },
        "clat_ns" : {
          "min" : 0,
          "max" : 0,
          "mean" : 0.000000,
          "stddev" : 0.000000,
          "N" : 0
        },
        "lat_ns" : {
          "min" : 0,
          "max" : 0,
          "mean" : 0.000000,
          "stddev" : 0.000000,
          "N" : 0
        },
        "bw_min" : 0,
        "bw_max" : 0,
        "bw_agg" : 0.000000,
        "bw_mean" : 0.000000,
        "bw_dev" : 0.000000,
        "bw_samples" : 0,
        "iops_min" : 0,
        "iops_max" : 0,
        "iops_mean" : 0.000000,
        "iops_stddev" : 0.000000,
        "iops_samples" : 0
      },
      "sync" : {
        "total_ios" : 0,
        "lat_ns" : {
          "min" : 0,
          "max" : 0,
          "mean" : 0.000000,
          "stddev" : 0.000000,
          "N" : 0
        }
      },
      "job_runtime" : 30000,
      "usr_cpu" : 0.703333,
      "sys_cpu" : 86.843333,
      "ctx" : 31289,
      "majf" : 0,
      "minf" : 524,
      "iodepth_level" : {
        "1" : 0.100000,
        "2" : 0.100000,
        "4" : 0.100000,
        "8" : 0.100000,
        "16" : 0.100000,
        "32" : 99.994979,
        ">=64" : 0.000000
      },
      "iodepth_submit" : {
        "0" : 0.000000,
        "4" : 100.000000,
        "8" : 0.000000,
        "16" : 0.000000,
        "32" : 0.000000,
        "64" : 0.000000,
        ">=64" : 0.000000
      },
      "iodepth_complete" : {
        "0" : 0.000000,
        "4" : 99.999838,
        "8" : 0.000000,
        "16" : 0.000000,
        "32" : 0.100000,
        "64" : 0.000000,
        ">=64" : 0.000000
      },
      "latency_ns" : {
        "2" : 0.000000,
        "4" : 0.000000,
        "10" : 0.000000,
        "20" : 0.000000,
        "50" : 0.000000,
        "100" : 0.000000,
        "250" : 0.000000,
        "500" : 0.000000,
        "750" : 0.000000,
        "1000" : 0.000000
      },
      "latency_us" : {
        "2" : 0.000000,
        "4" : 0.000000,
        "10" : 0.000000,
        "20" : 0.000000,
        "50" : 0.000000,
        "100" : 0.000000,
        "250" : 0.000000,
        "500" : 0.010000,
        "750" : 0.476369,
        "1000" : 5.007143
      },
      "latency_ms" : {
        "2" : 89.209690,
        "4" : 5.209936,
        "10" : 0.094756,
        "20" : 0.010000,
        "50" : 0.000000,
        "100" : 0.000000,
        "250" : 0.000000,
        "500" : 0.000000,
        "750" : 0.000000,
        "1000" : 0.000000,
        "2000" : 0.000000,
        ">=2000" : 0.000000
      },
      "latency_depth" : 32,
      "latency_target" : 0,
      "latency_percentile" : 100.000000,
      "latency_window" : 0
    }
  ],
  "disk_util" : [
    {
      "name" : "sda",
      "read_ios" : 615153,
      "write_ios" : 64,
      "read_sectors" : 78785664,
      "write_sectors" : 1000,
      "read_merges" : 1001,
      "write_merges" : 37,
      "read_ticks" : 721370,
      "write_ticks" : 102,
      "in_queue" : 721516,
      "util" : 75.380507
    }
  ]
}
