{
  "fio version" : "fio-3.36",
  "timestamp" : 1774780100,
  "timestamp_ms" : 1774780100225,
  "time" : "Sun Mar 29 15:58:20 2026",
  "jobs" : [
    {
      "jobname" : "bsscale_read_512k",
      "groupid" : 0,
      "job_start" : 1774780070168,
      "error" : 0,
      "eta" : 0,
      "elapsed" : 31,
      "job options" : {
        "name" : "bsscale_read_512k",
        "filename" : "/home/ubuntuvm/fio_test/fio_testfile",
        "rw" : "read",
        "bs" : "512k",
        "size" : "2g",
        "numjobs" : "1",
        "iodepth" : "32",
        "ioengine" : "libaio",
        "direct" : "1",
        "runtime" : "30"
      },
      "read" : {
        "io_bytes" : 38449184768,
        "io_kbytes" : 37548032,
        "bw_bytes" : 1281041672,
        "bw" : 1251017,
        "iops" : 2443.393083,
        "runtime" : 30014,
        "total_ios" : 73336,
        "short_ios" : 0,
        "drop_ios" : 0,
        "slat_ns" : {
          "min" : 9779,
          "max" : 2010714,
          "mean" : 34268.397622,
          "stddev" : 26375.167299,
          "N" : 73336
        },
        "clat_ns" : {
          "min" : 4054345,
          "max" : 67997022,
          "mean" : 13057784.350755,
          "stddev" : 2018627.475550,
          "N" : 73336,
          "percentile" : {
            "1.000000" : 10420224,
            "5.000000" : 11468800,
            "10.000000" : 11599872,
            "20.000000" : 11862016,
            "30.000000" : 12124160,
            "40.000000" : 12255232,
            "50.000000" : 12517376,
            "60.000000" : 12910592,
            "70.000000" : 13434880,
            "80.000000" : 14090240,
            "90.000000" : 15138816,
            "95.000000" : 15925248,
            "99.000000" : 17432576,
            "99.500000" : 17694720,
            "99.900000" : 31850496,
            "99.950000" : 32899072,
            "99.990000" : 66322432
          }
        },
        "lat_ns" : {
          "min" : 4204479,
          "max" : 68028009,
          "mean" : 13092052.748377,
          "stddev" : 2017640.452564,
          "N" : 73336
        },
        "bw_min" : 1012736,
        "bw_max" : 1378304,
        "bw_agg" : 100.000000,
        "bw_mean" : 1254662.576271,
        "bw_dev" : 114009.680709,
        "bw_samples" : 59,
        "iops_min" : 1978,
        "iops_max" : 2692,
        "iops_mean" : 2450.406780,
        "iops_stddev" : 222.705939,
        "iops_samples" : 59
      },
      "write" : {
        "io_bytes" : 0,
        "io_kbytes" : 0,
        "bw_bytes" : 0,
        "bw" : 0,
        "iops" : 0.000000,
        "runtime" : 0,
        "total_ios" : 0,
        "short_ios" : 0,
        "drop_ios" : 0,
        "slat_ns" : {
          "min" : 0,
          "max" : 0,
          "mean" : 0.000000,
          "stddev" : 0.000000,
          "N" : 0
        },
        "clat_ns" : {
          "min" : 0,
          "max" : 0,
          "mean" : 0.000000,
          "stddev" : 0.000000,
          "N" : 0
        },
        "lat_ns" : {
          "min" : 0,
          "max" : 0,
          "mean" : 0.000000,
          "stddev" : 0.000000,
          "N" : 0
        },
        "bw_min" : 0,
        "bw_max" : 0,
        "bw_agg" : 0.000000,
        "bw_mean" : 0.000000,
        "bw_dev" : 0.000000,
        "bw_samples" : 0,
        "iops_min" : 0,
        "iops_max" : 0,
        "iops_mean" : 0.000000,
        "iops_stddev" : 0.000000,
        "iops_samples" : 0
      },
      "trim" : {
        "io_bytes" : 0,
        "io_kbytes" : 0,
        "bw_bytes" : 0,
        "bw" : 0,
        "iops" : 0.000000,
        "runtime" : 0,
        "total_ios" : 0,
        "short_ios" : 0,
        "drop_ios" : 0,
        "slat_ns" : {
          "min" : 0,
          "max" : 0,
          "mean" : 0.000000,
          "stddev" : 0.000000,
          "N" : 0
        },
        "clat_ns" : {
          "min" : 0,
          "max" : 0,
          "mean" : 0.000000,
          "stddev" : 0.000000,
          "N" : 0
        },
        "lat_ns" : {
          "min" : 0,
          "max" : 0,
          "mean" : 0.000000,
          "stddev" : 0.000000,
          "N" : 0
        },
        "bw_min" : 0,
        "bw_max" : 0,
        "bw_agg" : 0.000000,
        "bw_mean" : 0.000000,
        "bw_dev" : 0.000000,
        "bw_samples" : 0,
        "iops_min" : 0,
        "iops_max" : 0,
        "iops_mean" : 0.000000,
        "iops_stddev" : 0.000000,
        "iops_samples" : 0
      },
      "sync" : {
        "total_ios" : 0,
        "lat_ns" : {
          "min" : 0,
          "max" : 0,
          "mean" : 0.000000,
          "stddev" : 0.000000,
          "N" : 0
        }
      },
      "job_runtime" : 30013,
      "usr_cpu" : 1.062873,
      "sys_cpu" : 13.011029,
      "ctx" : 72637,
      "majf" : 0,
      "minf" : 4107,
      "iodepth_level" : {
        "1" : 0.100000,
        "2" : 0.100000,
        "4" : 0.100000,
        "8" : 0.100000,
        "16" : 0.100000,
        "32" : 99.957729,
        ">=64" : 0.000000
      },
      "iodepth_submit" : {
        "0" : 0.000000,
        "4" : 100.000000,
        "8" : 0.000000,
        "16" : 0.000000,
        "32" : 0.000000,
        "64" : 0.000000,
        ">=64" : 0.000000
      },
      "iodepth_complete" : {
        "0" : 0.000000,
        "4" : 99.998636,
        "8" : 0.000000,
        "16" : 0.000000,
        "32" : 0.100000,
        "64" : 0.000000,
        ">=64" : 0.000000
      },
      "latency_ns" : {
        "2" : 0.000000,
        "4" : 0.000000,
        "10" : 0.000000,
        "20" : 0.000000,
        "50" : 0.000000,
        "100" : 0.000000,
        "250" : 0.000000,
        "500" : 0.000000,
        "750" : 0.000000,
        "1000" : 0.000000
      },
      "latency_us" : {
        "2" : 0.000000,
        "4" : 0.000000,
        "10" : 0.000000,
        "20" : 0.000000,
        "50" : 0.000000,
        "100" : 0.000000,
        "250" : 0.000000,
        "500" : 0.000000,
        "750" : 0.000000,
        "1000" : 0.000000
      },
      "latency_ms" : {
        "2" : 0.000000,
        "4" : 0.000000,
        "10" : 0.796335,
        "20" : 98.962310,
        "50" : 0.197720,
        "100" : 0.043635,
        "250" : 0.000000,
        "500" : 0.000000,
        "750" : 0.000000,
        "1000" : 0.000000,
        "2000" : 0.000000,
        ">=2000" : 0.000000
      },
      "latency_depth" : 32,
      "latency_target" : 0,
      "latency_percentile" : 100.000000,
      "latency_window" : 0
    }
  ],
  "disk_util" : [
    {
      "name" : "sda",
      "read_ios" : 73248,
      "write_ios" : 34,
      "read_sectors" : 75089232,
      "write_sectors" : 472,
      "read_merges" : 250,
      "write_merges" : 12,
      "read_ticks" : 955583,
      "write_ticks" : 502,
      "in_queue" : 956174,
      "util" : 94.104796
    }
  ]
}
