{
  "fio version" : "fio-3.36",
  "timestamp" : 1774780200,
  "timestamp_ms" : 1774780200348,
  "time" : "Sun Mar 29 16:00:00 2026",
  "jobs" : [
    {
      "jobname" : "bsscale_write_1m",
      "groupid" : 0,
      "job_start" : 1774780169735,
      "error" : 0,
      "eta" : 0,
      "elapsed" : 31,
      "job options" : {
        "name" : "bsscale_write_1m",
        "filename" : "/home/ubuntuvm/fio_test/fio_testfile",
        "rw" : "write",
        "bs" : "1m",
        "size" : "2g",
        "numjobs" : "1",
        "iodepth" : "32",
        "ioengine" : "libaio",
        "direct" : "1",
        "runtime" : "30"
      },
      "read" : {
        "io_bytes" : 0,
        "io_kbytes" : 0,
        "bw_bytes" : 0,
        "bw" : 0,
        "iops" : 0.000000,
        "runtime" : 0,
        "total_ios" : 0,
        "short_ios" : 0,
        "drop_ios" : 0,
        "slat_ns" : {
          "min" : 0,
          "max" : 0,
          "mean" : 0.000000,
          "stddev" : 0.000000,
          "N" : 0
        },
        "clat_ns" : {
          "min" : 0,
          "max" : 0,
          "mean" : 0.000000,
          "stddev" : 0.000000,
          "N" : 0
        },
        "lat_ns" : {
          "min" : 0,
          "max" : 0,
          "mean" : 0.000000,
          "stddev" : 0.000000,
          "N" : 0
        },
        "bw_min" : 0,
        "bw_max" : 0,
        "bw_agg" : 0.000000,
        "bw_mean" : 0.000000,
        "bw_dev" : 0.000000,
        "bw_samples" : 0,
        "iops_min" : 0,
        "iops_max" : 0,
        "iops_mean" : 0.000000,
        "iops_stddev" : 0.000000,
        "iops_samples" : 0
      },
      "write" : {
        "io_bytes" : 24257757184,
        "io_kbytes" : 23689216,
        "bw_bytes" : 807434583,
        "bw" : 788510,
        "iops" : 770.029624,
        "runtime" : 30043,
        "total_ios" : 23134,
        "short_ios" : 0,
        "drop_ios" : 0,
        "slat_ns" : {
          "min" : 40918,
          "max" : 34982388,
          "mean" : 161007.623325,
          "stddev" : 510478.927547,
          "N" : 23134
        },
        "clat_ns" : {
          "min" : 890570,
          "max" : 273242026,
          "mean" : 41374551.915406,
          "stddev" : 10723995.094582,
          "N" : 23134,
          "percentile" : {
            "1.000000" : 28442624,
            "5.000000" : 32374784,
            "10.000000" : 33816576,
            "20.000000" : 35913728,
            "30.000000" : 37486592,
            "40.000000" : 39059456,
            "50.000000" : 40108032,
            "60.000000" : 41680896,
            "70.000000" : 43253760,
            "80.000000" : 45350912,
            "90.000000" : 50069504,
            "95.000000" : 53739520,
            "99.000000" : 60030976,
            "99.500000" : 67633152,
            "99.900000" : 263192576,
            "99.950000" : 270532608,
            "99.990000" : 270532608
          }
        },
        "lat_ns" : {
          "min" : 976051,
          "max" : 273363029,
          "mean" : 41535559.538731,
          "stddev" : 10702811.490129,
          "N" : 23134
        },
        "bw_min" : 453748,
        "bw_max" : 829440,
        "bw_agg" : 100.000000,
        "bw_mean" : 789108.033898,
        "bw_dev" : 46358.202334,
        "bw_samples" : 59,
        "iops_min" : 443,
        "iops_max" : 810,
        "iops_mean" : 770.271186,
        "iops_stddev" : 45.269625,
        "iops_samples" : 59
      },
      "trim" : {
        "io_bytes" : 0,
        "io_kbytes" : 0,
        "bw_bytes" : 0,
        "bw" : 0,
        "iops" : 0.000000,
        "runtime" : 0,
        "total_ios" : 0,
        "short_ios" : 0,
        "drop_ios" : 0,
        "slat_ns" : {
          "min" : 0,
          "max" : 0,
          "mean" : 0.000000,
          "stddev" : 0.000000,
          "N" : 0
        },
        "clat_ns" : {
          "min" : 0,
          "max" : 0,
          "mean" : 0.000000,
          "stddev" : 0.000000,
          "N" : 0
        },
        "lat_ns" : {
          "min" : 0,
          "max" : 0,
          "mean" : 0.000000,
          "stddev" : 0.000000,
          "N" : 0
        },
        "bw_min" : 0,
        "bw_max" : 0,
        "bw_agg" : 0.000000,
        "bw_mean" : 0.000000,
        "bw_dev" : 0.000000,
        "bw_samples" : 0,
        "iops_min" : 0,
        "iops_max" : 0,
        "iops_mean" : 0.000000,
        "iops_stddev" : 0.000000,
        "iops_samples" : 0
      },
      "sync" : {
        "total_ios" : 0,
        "lat_ns" : {
          "min" : 0,
          "max" : 0,
          "mean" : 0.000000,
          "stddev" : 0.000000,
          "N" : 0
        }
      },
      "job_runtime" : 30042,
      "usr_cpu" : 4.936422,
      "sys_cpu" : 7.649291,
      "ctx" : 15061,
      "majf" : 0,
      "minf" : 12,
      "iodepth_level" : {
        "1" : 0.100000,
        "2" : 0.100000,
        "4" : 0.100000,
        "8" : 0.100000,
        "16" : 0.100000,
        "32" : 99.865998,
        ">=64" : 0.000000
      },
      "iodepth_submit" : {
        "0" : 0.000000,
        "4" : 100.000000,
        "8" : 0.000000,
        "16" : 0.000000,
        "32" : 0.000000,
        "64" : 0.000000,
        ">=64" : 0.000000
      },
      "iodepth_complete" : {
        "0" : 0.000000,
        "4" : 99.995672,
        "8" : 0.000000,
        "16" : 0.000000,
        "32" : 0.100000,
        "64" : 0.000000,
        ">=64" : 0.000000
      },
      "latency_ns" : {
        "2" : 0.000000,
        "4" : 0.000000,
        "10" : 0.000000,
        "20" : 0.000000,
        "50" : 0.000000,
        "100" : 0.000000,
        "250" : 0.000000,
        "500" : 0.000000,
        "750" : 0.000000,
        "1000" : 0.000000
      },
      "latency_us" : {
        "2" : 0.000000,
        "4" : 0.000000,
        "10" : 0.000000,
        "20" : 0.000000,
        "50" : 0.000000,
        "100" : 0.000000,
        "250" : 0.000000,
        "500" : 0.000000,
        "750" : 0.000000,
        "1000" : 0.010000
      },
      "latency_ms" : {
        "2" : 0.000000,
        "4" : 0.000000,
        "10" : 0.103743,
        "20" : 0.298262,
        "50" : 89.534884,
        "100" : 9.920463,
        "250" : 0.000000,
        "500" : 0.138325,
        "750" : 0.000000,
        "1000" : 0.000000,
        "2000" : 0.000000,
        ">=2000" : 0.000000
      },
      "latency_depth" : 32,
      "latency_target" : 0,
      "latency_percentile" : 100.000000,
      "latency_window" : 0
    }
  ],
  "disk_util" : [
    {
      "name" : "sda",
      "read_ios" : 3,
      "write_ios" : 23881,
      "read_sectors" : 24,
      "write_sectors" : 47256112,
      "read_merges" : 0,
      "write_merges" : 1439,
      "read_ticks" : 45,
      "write_ticks" : 968285,
      "in_queue" : 968673,
      "util" : 92.156797
    }
  ]
}
