{
  "fio version" : "fio-3.36",
  "timestamp" : 1774780167,
  "timestamp_ms" : 1774780167250,
  "time" : "Sun Mar 29 15:59:27 2026",
  "jobs" : [
    {
      "jobname" : "bsscale_read_1m",
      "groupid" : 0,
      "job_start" : 1774780136397,
      "error" : 0,
      "eta" : 0,
      "elapsed" : 31,
      "job options" : {
        "name" : "bsscale_read_1m",
        "filename" : "/home/ubuntuvm/fio_test/fio_testfile",
        "rw" : "read",
        "bs" : "1m",
        "size" : "2g",
        "numjobs" : "1",
        "iodepth" : "32",
        "ioengine" : "libaio",
        "direct" : "1",
        "runtime" : "30"
      },
      "read" : {
        "io_bytes" : 40479227904,
        "io_kbytes" : 39530496,
        "bw_bytes" : 1346883207,
        "bw" : 1315315,
        "iops" : 1284.487922,
        "runtime" : 30054,
        "total_ios" : 38604,
        "short_ios" : 0,
        "drop_ios" : 0,
        "slat_ns" : {
          "min" : 17944,
          "max" : 9761345,
          "mean" : 39153.736141,
          "stddev" : 55542.206158,
          "N" : 38604
        },
        "clat_ns" : {
          "min" : 7939123,
          "max" : 102089172,
          "mean" : 24856273.742048,
          "stddev" : 5675865.031584,
          "N" : 38604,
          "percentile" : {
            "1.000000" : 20578304,
            "5.000000" : 22151168,
            "10.000000" : 22675456,
            "20.000000" : 22937600,
            "30.000000" : 23199744,
            "40.000000" : 23461888,
            "50.000000" : 23724032,
            "60.000000" : 23986176,
            "70.000000" : 24248320,
            "80.000000" : 24772608,
            "90.000000" : 25296896,
            "95.000000" : 26083328,
            "99.000000" : 56360960,
            "99.500000" : 57409536,
            "99.900000" : 61603840,
            "99.950000" : 71827456,
            "99.990000" : 99090432
          }
        },
        "lat_ns" : {
          "min" : 8182378,
          "max" : 102116407,
          "mean" : 24895427.478189,
          "stddev" : 5676147.322992,
          "N" : 38604
        },
        "bw_min" : 590377,
        "bw_max" : 1425408,
        "bw_agg" : 100.000000,
        "bw_mean" : 1328150.966102,
        "bw_dev" : 186230.872475,
        "bw_samples" : 59,
        "iops_min" : 576,
        "iops_max" : 1392,
        "iops_mean" : 1296.796610,
        "iops_stddev" : 181.945689,
        "iops_samples" : 59
      },
      "write" : {
        "io_bytes" : 0,
        "io_kbytes" : 0,
        "bw_bytes" : 0,
        "bw" : 0,
        "iops" : 0.000000,
        "runtime" : 0,
        "total_ios" : 0,
        "short_ios" : 0,
        "drop_ios" : 0,
        "slat_ns" : {
          "min" : 0,
          "max" : 0,
          "mean" : 0.000000,
          "stddev" : 0.000000,
          "N" : 0
        },
        "clat_ns" : {
          "min" : 0,
          "max" : 0,
          "mean" : 0.000000,
          "stddev" : 0.000000,
          "N" : 0
        },
        "lat_ns" : {
          "min" : 0,
          "max" : 0,
          "mean" : 0.000000,
          "stddev" : 0.000000,
          "N" : 0
        },
        "bw_min" : 0,
        "bw_max" : 0,
        "bw_agg" : 0.000000,
        "bw_mean" : 0.000000,
        "bw_dev" : 0.000000,
        "bw_samples" : 0,
        "iops_min" : 0,
        "iops_max" : 0,
        "iops_mean" : 0.000000,
        "iops_stddev" : 0.000000,
        "iops_samples" : 0
      },
      "trim" : {
        "io_bytes" : 0,
        "io_kbytes" : 0,
        "bw_bytes" : 0,
        "bw" : 0,
        "iops" : 0.000000,
        "runtime" : 0,
        "total_ios" : 0,
        "short_ios" : 0,
        "drop_ios" : 0,
        "slat_ns" : {
          "min" : 0,
          "max" : 0,
          "mean" : 0.000000,
          "stddev" : 0.000000,
          "N" : 0
        },
        "clat_ns" : {
          "min" : 0,
          "max" : 0,
          "mean" : 0.000000,
          "stddev" : 0.000000,
          "N" : 0
        },
        "lat_ns" : {
          "min" : 0,
          "max" : 0,
          "mean" : 0.000000,
          "stddev" : 0.000000,
          "N" : 0
        },
        "bw_min" : 0,
        "bw_max" : 0,
        "bw_agg" : 0.000000,
        "bw_mean" : 0.000000,
        "bw_dev" : 0.000000,
        "bw_samples" : 0,
        "iops_min" : 0,
        "iops_max" : 0,
        "iops_mean" : 0.000000,
        "iops_stddev" : 0.000000,
        "iops_samples" : 0
      },
      "sync" : {
        "total_ios" : 0,
        "lat_ns" : {
          "min" : 0,
          "max" : 0,
          "mean" : 0.000000,
          "stddev" : 0.000000,
          "N" : 0
        }
      },
      "job_runtime" : 30053,
      "usr_cpu" : 0.605597,
      "sys_cpu" : 6.142482,
      "ctx" : 38221,
      "majf" : 0,
      "minf" : 8203,
      "iodepth_level" : {
        "1" : 0.100000,
        "2" : 0.100000,
        "4" : 0.100000,
        "8" : 0.100000,
        "16" : 0.100000,
        "32" : 99.919697,
        ">=64" : 0.000000
      },
      "iodepth_submit" : {
        "0" : 0.000000,
        "4" : 100.000000,
        "8" : 0.000000,
        "16" : 0.000000,
        "32" : 0.000000,
        "64" : 0.000000,
        ">=64" : 0.000000
      },
      "iodepth_complete" : {
        "0" : 0.000000,
        "4" : 99.997408,
        "8" : 0.000000,
        "16" : 0.000000,
        "32" : 0.100000,
        "64" : 0.000000,
        ">=64" : 0.000000
      },
      "latency_ns" : {
        "2" : 0.000000,
        "4" : 0.000000,
        "10" : 0.000000,
        "20" : 0.000000,
        "50" : 0.000000,
        "100" : 0.000000,
        "250" : 0.000000,
        "500" : 0.000000,
        "750" : 0.000000,
        "1000" : 0.000000
      },
      "latency_us" : {
        "2" : 0.000000,
        "4" : 0.000000,
        "10" : 0.000000,
        "20" : 0.000000,
        "50" : 0.000000,
        "100" : 0.000000,
        "250" : 0.000000,
        "500" : 0.000000,
        "750" : 0.000000,
        "1000" : 0.000000
      },
      "latency_ms" : {
        "2" : 0.000000,
        "4" : 0.000000,
        "10" : 0.031085,
        "20" : 0.261631,
        "50" : 97.287846,
        "100" : 2.414258,
        "250" : 0.010000,
        "500" : 0.000000,
        "750" : 0.000000,
        "1000" : 0.000000,
        "2000" : 0.000000,
        ">=2000" : 0.000000
      },
      "latency_depth" : 32,
      "latency_target" : 0,
      "latency_percentile" : 100.000000,
      "latency_window" : 0
    }
  ],
  "disk_util" : [
    {
      "name" : "sda",
      "read_ios" : 39631,
      "write_ios" : 34,
      "read_sectors" : 78919008,
      "write_sectors" : 456,
      "read_merges" : 280,
      "write_merges" : 11,
      "read_ticks" : 979828,
      "write_ticks" : 1741,
      "in_queue" : 981672,
      "util" : 94.057063
    }
  ]
}
