{
  "fio version" : "fio-3.36",
  "timestamp" : 1774780001,
  "timestamp_ms" : 1774780001652,
  "time" : "Sun Mar 29 15:56:41 2026",
  "jobs" : [
    {
      "jobname" : "bsscale_write_4k",
      "groupid" : 0,
      "job_start" : 1774779971241,
      "error" : 0,
      "eta" : 0,
      "elapsed" : 31,
      "job options" : {
        "name" : "bsscale_write_4k",
        "filename" : "/home/ubuntuvm/fio_test/fio_testfile",
        "rw" : "write",
        "bs" : "4k",
        "size" : "2g",
        "numjobs" : "1",
        "iodepth" : "32",
        "ioengine" : "libaio",
        "direct" : "1",
        "runtime" : "30"
      },
      "read" : {
        "io_bytes" : 0,
        "io_kbytes" : 0,
        "bw_bytes" : 0,
        "bw" : 0,
        "iops" : 0.000000,
        "runtime" : 0,
        "total_ios" : 0,
        "short_ios" : 0,
        "drop_ios" : 0,
        "slat_ns" : {
          "min" : 0,
          "max" : 0,
          "mean" : 0.000000,
          "stddev" : 0.000000,
          "N" : 0
        },
        "clat_ns" : {
          "min" : 0,
          "max" : 0,
          "mean" : 0.000000,
          "stddev" : 0.000000,
          "N" : 0
        },
        "lat_ns" : {
          "min" : 0,
          "max" : 0,
          "mean" : 0.000000,
          "stddev" : 0.000000,
          "N" : 0
        },
        "bw_min" : 0,
        "bw_max" : 0,
        "bw_agg" : 0.000000,
        "bw_mean" : 0.000000,
        "bw_dev" : 0.000000,
        "bw_samples" : 0,
        "iops_min" : 0,
        "iops_max" : 0,
        "iops_mean" : 0.000000,
        "iops_stddev" : 0.000000,
        "iops_samples" : 0
      },
      "write" : {
        "io_bytes" : 3133882368,
        "io_kbytes" : 3060432,
        "bw_bytes" : 104459263,
        "bw" : 102010,
        "iops" : 25502.749908,
        "runtime" : 30001,
        "total_ios" : 765108,
        "short_ios" : 0,
        "drop_ios" : 0,
        "slat_ns" : {
          "min" : 1696,
          "max" : 4135702,
          "mean" : 31809.350071,
          "stddev" : 22565.524116,
          "N" : 765108
        },
        "clat_ns" : {
          "min" : 914,
          "max" : 473054658,
          "mean" : 1221959.908469,
          "stddev" : 5898880.464433,
          "N" : 765108,
          "percentile" : {
            "1.000000" : 577536,
            "5.000000" : 806912,
            "10.000000" : 864256,
            "20.000000" : 921600,
            "30.000000" : 962560,
            "40.000000" : 995328,
            "50.000000" : 1028096,
            "60.000000" : 1073152,
            "70.000000" : 1138688,
            "80.000000" : 1236992,
            "90.000000" : 1433600,
            "95.000000" : 1597440,
            "99.000000" : 1990656,
            "99.500000" : 2375680,
            "99.900000" : 26869760,
            "99.950000" : 42729472,
            "99.990000" : 421527552
          }
        },
        "lat_ns" : {
          "min" : 51935,
          "max" : 473062478,
          "mean" : 1253769.258540,
          "stddev" : 5898529.481360,
          "N" : 765108
        },
        "bw_min" : 2142,
        "bw_max" : 135496,
        "bw_agg" : 100.000000,
        "bw_mean" : 102064.305085,
        "bw_dev" : 36271.661016,
        "bw_samples" : 59,
        "iops_min" : 535,
        "iops_max" : 33874,
        "iops_mean" : 25515.932203,
        "iops_stddev" : 9068.043445,
        "iops_samples" : 59
      },
      "trim" : {
        "io_bytes" : 0,
        "io_kbytes" : 0,
        "bw_bytes" : 0,
        "bw" : 0,
        "iops" : 0.000000,
        "runtime" : 0,
        "total_ios" : 0,
        "short_ios" : 0,
        "drop_ios" : 0,
        "slat_ns" : {
          "min" : 0,
          "max" : 0,
          "mean" : 0.000000,
          "stddev" : 0.000000,
          "N" : 0
        },
        "clat_ns" : {
          "min" : 0,
          "max" : 0,
          "mean" : 0.000000,
          "stddev" : 0.000000,
          "N" : 0
        },
        "lat_ns" : {
          "min" : 0,
          "max" : 0,
          "mean" : 0.000000,
          "stddev" : 0.000000,
          "N" : 0
        },
        "bw_min" : 0,
        "bw_max" : 0,
        "bw_agg" : 0.000000,
        "bw_mean" : 0.000000,
        "bw_dev" : 0.000000,
        "bw_samples" : 0,
        "iops_min" : 0,
        "iops_max" : 0,
        "iops_mean" : 0.000000,
        "iops_stddev" : 0.000000,
        "iops_samples" : 0
      },
      "sync" : {
        "total_ios" : 0,
        "lat_ns" : {
          "min" : 0,
          "max" : 0,
          "mean" : 0.000000,
          "stddev" : 0.000000,
          "N" : 0
        }
      },
      "job_runtime" : 30000,
      "usr_cpu" : 1.023333,
      "sys_cpu" : 78.700000,
      "ctx" : 482499,
      "majf" : 0,
      "minf" : 15,
      "iodepth_level" : {
        "1" : 0.100000,
        "2" : 0.100000,
        "4" : 0.100000,
        "8" : 0.100000,
        "16" : 0.100000,
        "32" : 99.995948,
        ">=64" : 0.000000
      },
      "iodepth_submit" : {
        "0" : 0.000000,
        "4" : 100.000000,
        "8" : 0.000000,
        "16" : 0.000000,
        "32" : 0.000000,
        "64" : 0.000000,
        ">=64" : 0.000000
      },
      "iodepth_complete" : {
        "0" : 0.000000,
        "4" : 99.999869,
        "8" : 0.000000,
        "16" : 0.000000,
        "32" : 0.100000,
        "64" : 0.000000,
        ">=64" : 0.000000
      },
      "latency_ns" : {
        "2" : 0.000000,
        "4" : 0.000000,
        "10" : 0.000000,
        "20" : 0.000000,
        "50" : 0.000000,
        "100" : 0.000000,
        "250" : 0.000000,
        "500" : 0.000000,
        "750" : 0.000000,
        "1000" : 0.010000
      },
      "latency_us" : {
        "2" : 0.010000,
        "4" : 0.010000,
        "10" : 0.010000,
        "20" : 0.000000,
        "50" : 0.010000,
        "100" : 0.010000,
        "250" : 0.036596,
        "500" : 0.551425,
        "750" : 2.323594,
        "1000" : 38.177617
      },
      "latency_ms" : {
        "2" : 57.928162,
        "4" : 0.719637,
        "10" : 0.037903,
        "20" : 0.040256,
        "50" : 0.147953,
        "100" : 0.016730,
        "250" : 0.000000,
        "500" : 0.016730,
        "750" : 0.000000,
        "1000" : 0.000000,
        "2000" : 0.000000,
        ">=2000" : 0.000000
      },
      "latency_depth" : 32,
      "latency_target" : 0,
      "latency_percentile" : 100.000000,
      "latency_window" : 0
    }
  ],
  "disk_util" : [
    {
      "name" : "sda",
      "read_ios" : 2288,
      "write_ios" : 757013,
      "read_sectors" : 247848,
      "write_sectors" : 6180864,
      "read_merges" : 1078,
      "write_merges" : 8969,
      "read_ticks" : 1885,
      "write_ticks" : 101580,
      "in_queue" : 105713,
      "util" : 68.383677
    }
  ]
}
