{
  "fio version" : "fio-3.36",
  "timestamp" : 1774779968,
  "timestamp_ms" : 1774779968002,
  "time" : "Sun Mar 29 15:56:08 2026",
  "jobs" : [
    {
      "jobname" : "bsscale_read_4k",
      "groupid" : 0,
      "job_start" : 1774779937965,
      "error" : 0,
      "eta" : 0,
      "elapsed" : 31,
      "job options" : {
        "name" : "bsscale_read_4k",
        "filename" : "/home/ubuntuvm/fio_test/fio_testfile",
        "rw" : "read",
        "bs" : "4k",
        "size" : "2g",
        "numjobs" : "1",
        "iodepth" : "32",
        "ioengine" : "libaio",
        "direct" : "1",
        "runtime" : "30"
      },
      "read" : {
        "io_bytes" : 3657670656,
        "io_kbytes" : 3571944,
        "bw_bytes" : 121918291,
        "bw" : 119060,
        "iops" : 29765.207826,
        "runtime" : 30001,
        "total_ios" : 892986,
        "short_ios" : 0,
        "drop_ios" : 0,
        "slat_ns" : {
          "min" : 1632,
          "max" : 12100114,
          "mean" : 24746.549390,
          "stddev" : 25070.315025,
          "N" : 892986
        },
        "clat_ns" : {
          "min" : 32741,
          "max" : 146151355,
          "mean" : 1049176.937224,
          "stddev" : 1103968.444277,
          "N" : 892986,
          "percentile" : {
            "1.000000" : 501760,
            "5.000000" : 667648,
            "10.000000" : 700416,
            "20.000000" : 757760,
            "30.000000" : 815104,
            "40.000000" : 864256,
            "50.000000" : 921600,
            "60.000000" : 978944,
            "70.000000" : 1073152,
            "80.000000" : 1220608,
            "90.000000" : 1548288,
            "95.000000" : 1908736,
            "99.000000" : 2310144,
            "99.500000" : 2998272,
            "99.900000" : 5472256,
            "99.950000" : 7372800,
            "99.990000" : 31064064
          }
        },
        "lat_ns" : {
          "min" : 45087,
          "max" : 146162051,
          "mean" : 1073923.486615,
          "stddev" : 1103749.764950,
          "N" : 892986
        },
        "bw_min" : 55519,
        "bw_max" : 154677,
        "bw_agg" : 99.961506,
        "bw_mean" : 119015.728814,
        "bw_dev" : 23122.586175,
        "bw_samples" : 59,
        "iops_min" : 13879,
        "iops_max" : 38669,
        "iops_mean" : 29753.627119,
        "iops_stddev" : 5780.689381,
        "iops_samples" : 59
      },
      "write" : {
        "io_bytes" : 0,
        "io_kbytes" : 0,
        "bw_bytes" : 0,
        "bw" : 0,
        "iops" : 0.000000,
        "runtime" : 0,
        "total_ios" : 0,
        "short_ios" : 0,
        "drop_ios" : 0,
        "slat_ns" : {
          "min" : 0,
          "max" : 0,
          "mean" : 0.000000,
          "stddev" : 0.000000,
          "N" : 0
        },
        "clat_ns" : {
          "min" : 0,
          "max" : 0,
          "mean" : 0.000000,
          "stddev" : 0.000000,
          "N" : 0
        },
        "lat_ns" : {
          "min" : 0,
          "max" : 0,
          "mean" : 0.000000,
          "stddev" : 0.000000,
          "N" : 0
        },
        "bw_min" : 0,
        "bw_max" : 0,
        "bw_agg" : 0.000000,
        "bw_mean" : 0.000000,
        "bw_dev" : 0.000000,
        "bw_samples" : 0,
        "iops_min" : 0,
        "iops_max" : 0,
        "iops_mean" : 0.000000,
        "iops_stddev" : 0.000000,
        "iops_samples" : 0
      },
      "trim" : {
        "io_bytes" : 0,
        "io_kbytes" : 0,
        "bw_bytes" : 0,
        "bw" : 0,
        "iops" : 0.000000,
        "runtime" : 0,
        "total_ios" : 0,
        "short_ios" : 0,
        "drop_ios" : 0,
        "slat_ns" : {
          "min" : 0,
          "max" : 0,
          "mean" : 0.000000,
          "stddev" : 0.000000,
          "N" : 0
        },
        "clat_ns" : {
          "min" : 0,
          "max" : 0,
          "mean" : 0.000000,
          "stddev" : 0.000000,
          "N" : 0
        },
        "lat_ns" : {
          "min" : 0,
          "max" : 0,
          "mean" : 0.000000,
          "stddev" : 0.000000,
          "N" : 0
        },
        "bw_min" : 0,
        "bw_max" : 0,
        "bw_agg" : 0.000000,
        "bw_mean" : 0.000000,
        "bw_dev" : 0.000000,
        "bw_samples" : 0,
        "iops_min" : 0,
        "iops_max" : 0,
        "iops_mean" : 0.000000,
        "iops_stddev" : 0.000000,
        "iops_samples" : 0
      },
      "sync" : {
        "total_ios" : 0,
        "lat_ns" : {
          "min" : 0,
          "max" : 0,
          "mean" : 0.000000,
          "stddev" : 0.000000,
          "N" : 0
        }
      },
      "job_runtime" : 30000,
      "usr_cpu" : 1.466667,
      "sys_cpu" : 79.900000,
      "ctx" : 10724,
      "majf" : 0,
      "minf" : 45,
      "iodepth_level" : {
        "1" : 0.100000,
        "2" : 0.100000,
        "4" : 0.100000,
        "8" : 0.100000,
        "16" : 0.100000,
        "32" : 99.996529,
        ">=64" : 0.000000
      },
      "iodepth_submit" : {
        "0" : 0.000000,
        "4" : 100.000000,
        "8" : 0.000000,
        "16" : 0.000000,
        "32" : 0.000000,
        "64" : 0.000000,
        ">=64" : 0.000000
      },
      "iodepth_complete" : {
        "0" : 0.000000,
        "4" : 99.999888,
        "8" : 0.000000,
        "16" : 0.000000,
        "32" : 0.100000,
        "64" : 0.000000,
        ">=64" : 0.000000
      },
      "latency_ns" : {
        "2" : 0.000000,
        "4" : 0.000000,
        "10" : 0.000000,
        "20" : 0.000000,
        "50" : 0.000000,
        "100" : 0.000000,
        "250" : 0.000000,
        "500" : 0.000000,
        "750" : 0.000000,
        "1000" : 0.000000
      },
      "latency_us" : {
        "2" : 0.000000,
        "4" : 0.000000,
        "10" : 0.000000,
        "20" : 0.000000,
        "50" : 0.010000,
        "100" : 0.010000,
        "250" : 0.018253,
        "500" : 0.950743,
        "750" : 17.437563,
        "1000" : 44.110098
      },
      "latency_ms" : {
        "2" : 33.935806,
        "4" : 3.169031,
        "10" : 0.339647,
        "20" : 0.010000,
        "50" : 0.014334,
        "100" : 0.010000,
        "250" : 0.010000,
        "500" : 0.000000,
        "750" : 0.000000,
        "1000" : 0.000000,
        "2000" : 0.000000,
        ">=2000" : 0.000000
      },
      "latency_depth" : 32,
      "latency_target" : 0,
      "latency_percentile" : 100.000000,
      "latency_window" : 0
    }
  ],
  "disk_util" : [
    {
      "name" : "sda",
      "read_ios" : 889510,
      "write_ios" : 53,
      "read_sectors" : 7320824,
      "write_sectors" : 3608,
      "read_merges" : 1340,
      "write_merges" : 25,
      "read_ticks" : 310855,
      "write_ticks" : 66,
      "in_queue" : 310972,
      "util" : 79.806542
    }
  ]
}
