{
  "fio version" : "fio-3.36",
  "timestamp" : 1774780133,
  "timestamp_ms" : 1774780133845,
  "time" : "Sun Mar 29 15:58:53 2026",
  "jobs" : [
    {
      "jobname" : "bsscale_write_512k",
      "groupid" : 0,
      "job_start" : 1774780102788,
      "error" : 0,
      "eta" : 0,
      "elapsed" : 32,
      "job options" : {
        "name" : "bsscale_write_512k",
        "filename" : "/home/ubuntuvm/fio_test/fio_testfile",
        "rw" : "write",
        "bs" : "512k",
        "size" : "2g",
        "numjobs" : "1",
        "iodepth" : "32",
        "ioengine" : "libaio",
        "direct" : "1",
        "runtime" : "30"
      },
      "read" : {
        "io_bytes" : 0,
        "io_kbytes" : 0,
        "bw_bytes" : 0,
        "bw" : 0,
        "iops" : 0.000000,
        "runtime" : 0,
        "total_ios" : 0,
        "short_ios" : 0,
        "drop_ios" : 0,
        "slat_ns" : {
          "min" : 0,
          "max" : 0,
          "mean" : 0.000000,
          "stddev" : 0.000000,
          "N" : 0
        },
        "clat_ns" : {
          "min" : 0,
          "max" : 0,
          "mean" : 0.000000,
          "stddev" : 0.000000,
          "N" : 0
        },
        "lat_ns" : {
          "min" : 0,
          "max" : 0,
          "mean" : 0.000000,
          "stddev" : 0.000000,
          "N" : 0
        },
        "bw_min" : 0,
        "bw_max" : 0,
        "bw_agg" : 0.000000,
        "bw_mean" : 0.000000,
        "bw_dev" : 0.000000,
        "bw_samples" : 0,
        "iops_min" : 0,
        "iops_max" : 0,
        "iops_mean" : 0.000000,
        "iops_stddev" : 0.000000,
        "iops_samples" : 0
      },
      "write" : {
        "io_bytes" : 24426577920,
        "io_kbytes" : 23854080,
        "bw_bytes" : 813378772,
        "bw" : 794315,
        "iops" : 1551.396890,
        "runtime" : 30031,
        "total_ios" : 46590,
        "short_ios" : 0,
        "drop_ios" : 0,
        "slat_ns" : {
          "min" : 22024,
          "max" : 535128434,
          "mean" : 113080.593990,
          "stddev" : 2483676.002535,
          "N" : 46590
        },
        "clat_ns" : {
          "min" : 2828780,
          "max" : 1685530540,
          "mean" : 20497777.676755,
          "stddev" : 56358095.775613,
          "N" : 46590,
          "percentile" : {
            "1.000000" : 12386304,
            "5.000000" : 13172736,
            "10.000000" : 13565952,
            "20.000000" : 14090240,
            "30.000000" : 15138816,
            "40.000000" : 16056320,
            "50.000000" : 16580608,
            "60.000000" : 17170432,
            "70.000000" : 17956864,
            "80.000000" : 19529728,
            "90.000000" : 21889024,
            "95.000000" : 26607616,
            "99.000000" : 31850496,
            "99.500000" : 34865152,
            "99.900000" : 1098907648,
            "99.950000" : 1249902592,
            "99.990000" : 1568669696
          }
        },
        "lat_ns" : {
          "min" : 2963142,
          "max" : 1685620875,
          "mean" : 20610858.270745,
          "stddev" : 56475843.158041,
          "N" : 46590
        },
        "bw_min" : 4055,
        "bw_max" : 965748,
        "bw_agg" : 99.987888,
        "bw_mean" : 794219.186441,
        "bw_dev" : 335260.805147,
        "bw_samples" : 59,
        "iops_min" : 7,
        "iops_max" : 1886,
        "iops_mean" : 1550.915254,
        "iops_stddev" : 655.001955,
        "iops_samples" : 59
      },
      "trim" : {
        "io_bytes" : 0,
        "io_kbytes" : 0,
        "bw_bytes" : 0,
        "bw" : 0,
        "iops" : 0.000000,
        "runtime" : 0,
        "total_ios" : 0,
        "short_ios" : 0,
        "drop_ios" : 0,
        "slat_ns" : {
          "min" : 0,
          "max" : 0,
          "mean" : 0.000000,
          "stddev" : 0.000000,
          "N" : 0
        },
        "clat_ns" : {
          "min" : 0,
          "max" : 0,
          "mean" : 0.000000,
          "stddev" : 0.000000,
          "N" : 0
        },
        "lat_ns" : {
          "min" : 0,
          "max" : 0,
          "mean" : 0.000000,
          "stddev" : 0.000000,
          "N" : 0
        },
        "bw_min" : 0,
        "bw_max" : 0,
        "bw_agg" : 0.000000,
        "bw_mean" : 0.000000,
        "bw_dev" : 0.000000,
        "bw_samples" : 0,
        "iops_min" : 0,
        "iops_max" : 0,
        "iops_mean" : 0.000000,
        "iops_stddev" : 0.000000,
        "iops_samples" : 0
      },
      "sync" : {
        "total_ios" : 0,
        "lat_ns" : {
          "min" : 0,
          "max" : 0,
          "mean" : 0.000000,
          "stddev" : 0.000000,
          "N" : 0
        }
      },
      "job_runtime" : 30030,
      "usr_cpu" : 3.656344,
      "sys_cpu" : 12.887113,
      "ctx" : 27904,
      "majf" : 0,
      "minf" : 13,
      "iodepth_level" : {
        "1" : 0.100000,
        "2" : 0.100000,
        "4" : 0.100000,
        "8" : 0.100000,
        "16" : 0.100000,
        "32" : 99.933462,
        ">=64" : 0.000000
      },
      "iodepth_submit" : {
        "0" : 0.000000,
        "4" : 100.000000,
        "8" : 0.000000,
        "16" : 0.000000,
        "32" : 0.000000,
        "64" : 0.000000,
        ">=64" : 0.000000
      },
      "iodepth_complete" : {
        "0" : 0.000000,
        "4" : 99.997852,
        "8" : 0.000000,
        "16" : 0.000000,
        "32" : 0.100000,
        "64" : 0.000000,
        ">=64" : 0.000000
      },
      "latency_ns" : {
        "2" : 0.000000,
        "4" : 0.000000,
        "10" : 0.000000,
        "20" : 0.000000,
        "50" : 0.000000,
        "100" : 0.000000,
        "250" : 0.000000,
        "500" : 0.000000,
        "750" : 0.000000,
        "1000" : 0.000000
      },
      "latency_us" : {
        "2" : 0.000000,
        "4" : 0.000000,
        "10" : 0.000000,
        "20" : 0.000000,
        "50" : 0.000000,
        "100" : 0.000000,
        "250" : 0.000000,
        "500" : 0.000000,
        "750" : 0.000000,
        "1000" : 0.000000
      },
      "latency_ms" : {
        "2" : 0.000000,
        "4" : 0.017171,
        "10" : 0.083709,
        "20" : 83.539386,
        "50" : 15.994849,
        "100" : 0.000000,
        "250" : 0.010000,
        "500" : 0.045074,
        "750" : 0.103026,
        "1000" : 0.068684,
        "2000" : 0.139515,
        ">=2000" : 0.000000
      },
      "latency_depth" : 32,
      "latency_target" : 0,
      "latency_percentile" : 100.000000,
      "latency_window" : 0
    }
  ],
  "disk_util" : [
    {
      "name" : "sda",
      "read_ios" : 13,
      "write_ios" : 46284,
      "read_sectors" : 576,
      "write_sectors" : 47620648,
      "read_merges" : 59,
      "write_merges" : 276,
      "read_ticks" : 9193,
      "write_ticks" : 900657,
      "in_queue" : 911512,
      "util" : 91.329672
    }
  ]
}
