{
  "fio version" : "fio-3.36",
  "timestamp" : 1774779935,
  "timestamp_ms" : 1774779935306,
  "time" : "Sun Mar 29 15:55:35 2026",
  "jobs" : [
    {
      "jobname" : "fsync_lat",
      "groupid" : 0,
      "job_start" : 1774779875284,
      "error" : 0,
      "eta" : 0,
      "elapsed" : 61,
      "job options" : {
        "name" : "fsync_lat",
        "filename" : "/home/ubuntuvm/fio_test/fio_testfile",
        "rw" : "write",
        "bs" : "4k",
        "size" : "2g",
        "numjobs" : "1",
        "iodepth" : "1",
        "ioengine" : "sync",
        "fsync" : "1",
        "direct" : "0",
        "runtime" : "60"
      },
      "read" : {
        "io_bytes" : 0,
        "io_kbytes" : 0,
        "bw_bytes" : 0,
        "bw" : 0,
        "iops" : 0.000000,
        "runtime" : 0,
        "total_ios" : 0,
        "short_ios" : 0,
        "drop_ios" : 0,
        "slat_ns" : {
          "min" : 0,
          "max" : 0,
          "mean" : 0.000000,
          "stddev" : 0.000000,
          "N" : 0
        },
        "clat_ns" : {
          "min" : 0,
          "max" : 0,
          "mean" : 0.000000,
          "stddev" : 0.000000,
          "N" : 0
        },
        "lat_ns" : {
          "min" : 0,
          "max" : 0,
          "mean" : 0.000000,
          "stddev" : 0.000000,
          "N" : 0
        },
        "bw_min" : 0,
        "bw_max" : 0,
        "bw_agg" : 0.000000,
        "bw_mean" : 0.000000,
        "bw_dev" : 0.000000,
        "bw_samples" : 0,
        "iops_min" : 0,
        "iops_max" : 0,
        "iops_mean" : 0.000000,
        "iops_stddev" : 0.000000,
        "iops_samples" : 0
      },
      "write" : {
        "io_bytes" : 52645888,
        "io_kbytes" : 51412,
        "bw_bytes" : 877416,
        "bw" : 856,
        "iops" : 214.213096,
        "runtime" : 60001,
        "total_ios" : 12853,
        "short_ios" : 0,
        "drop_ios" : 0,
        "slat_ns" : {
          "min" : 0,
          "max" : 0,
          "mean" : 0.000000,
          "stddev" : 0.000000,
          "N" : 0
        },
        "clat_ns" : {
          "min" : 8617,
          "max" : 3579420,
          "mean" : 15003.653388,
          "stddev" : 39462.771578,
          "N" : 12853,
          "percentile" : {
            "1.000000" : 9408,
            "5.000000" : 9664,
            "10.000000" : 9792,
            "20.000000" : 10176,
            "30.000000" : 10432,
            "40.000000" : 10688,
            "50.000000" : 11200,
            "60.000000" : 11968,
            "70.000000" : 12736,
            "80.000000" : 14912,
            "90.000000" : 26496,
            "95.000000" : 31104,
            "99.000000" : 55552,
            "99.500000" : 63744,
            "99.900000" : 105984,
            "99.950000" : 132096,
            "99.990000" : 2473984
          }
        },
        "lat_ns" : {
          "min" : 8817,
          "max" : 3579634,
          "mean" : 15316.486034,
          "stddev" : 39497.085070,
          "N" : 12853
        },
        "bw_min" : 88,
        "bw_max" : 1611,
        "bw_agg" : 100.000000,
        "bw_mean" : 861.042017,
        "bw_dev" : 687.726066,
        "bw_samples" : 119,
        "iops_min" : 22,
        "iops_max" : 402,
        "iops_mean" : 214.915966,
        "iops_stddev" : 172.098246,
        "iops_samples" : 119
      },
      "trim" : {
        "io_bytes" : 0,
        "io_kbytes" : 0,
        "bw_bytes" : 0,
        "bw" : 0,
        "iops" : 0.000000,
        "runtime" : 0,
        "total_ios" : 0,
        "short_ios" : 0,
        "drop_ios" : 0,
        "slat_ns" : {
          "min" : 0,
          "max" : 0,
          "mean" : 0.000000,
          "stddev" : 0.000000,
          "N" : 0
        },
        "clat_ns" : {
          "min" : 0,
          "max" : 0,
          "mean" : 0.000000,
          "stddev" : 0.000000,
          "N" : 0
        },
        "lat_ns" : {
          "min" : 0,
          "max" : 0,
          "mean" : 0.000000,
          "stddev" : 0.000000,
          "N" : 0
        },
        "bw_min" : 0,
        "bw_max" : 0,
        "bw_agg" : 0.000000,
        "bw_mean" : 0.000000,
        "bw_dev" : 0.000000,
        "bw_samples" : 0,
        "iops_min" : 0,
        "iops_max" : 0,
        "iops_mean" : 0.000000,
        "iops_stddev" : 0.000000,
        "iops_samples" : 0
      },
      "sync" : {
        "total_ios" : 12853,
        "lat_ns" : {
          "min" : 1786001,
          "max" : 100265244,
          "mean" : 4649794.427215,
          "stddev" : 7387406.990650,
          "N" : 12853,
          "percentile" : {
            "1.000000" : 2211840,
            "5.000000" : 2310144,
            "10.000000" : 2342912,
            "20.000000" : 2408448,
            "30.000000" : 2441216,
            "40.000000" : 2473984,
            "50.000000" : 2506752,
            "60.000000" : 2605056,
            "70.000000" : 2736128,
            "80.000000" : 2998272,
            "90.000000" : 3555328,
            "95.000000" : 26607616,
            "99.000000" : 35389440,
            "99.500000" : 39059456,
            "99.900000" : 46399488,
            "99.950000" : 63700992,
            "99.990000" : 92798976
          }
        }
      },
      "job_runtime" : 60000,
      "usr_cpu" : 0.155000,
      "sys_cpu" : 1.193333,
      "ctx" : 25770,
      "majf" : 0,
      "minf" : 14,
      "iodepth_level" : {
        "1" : 200.000000,
        "2" : 0.000000,
        "4" : 0.000000,
        "8" : 0.000000,
        "16" : 0.000000,
        "32" : 0.000000,
        ">=64" : 0.000000
      },
      "iodepth_submit" : {
        "0" : 0.000000,
        "4" : 100.000000,
        "8" : 0.000000,
        "16" : 0.000000,
        "32" : 0.000000,
        "64" : 0.000000,
        ">=64" : 0.000000
      },
      "iodepth_complete" : {
        "0" : 0.000000,
        "4" : 100.000000,
        "8" : 0.000000,
        "16" : 0.000000,
        "32" : 0.000000,
        "64" : 0.000000,
        ">=64" : 0.000000
      },
      "latency_ns" : {
        "2" : 0.000000,
        "4" : 0.000000,
        "10" : 0.000000,
        "20" : 0.000000,
        "50" : 0.000000,
        "100" : 0.000000,
        "250" : 0.000000,
        "500" : 0.000000,
        "750" : 0.000000,
        "1000" : 0.000000
      },
      "latency_us" : {
        "2" : 0.000000,
        "4" : 0.000000,
        "10" : 15.568350,
        "20" : 70.598304,
        "50" : 12.604061,
        "100" : 1.104800,
        "250" : 0.093363,
        "500" : 0.015561,
        "750" : 0.000000,
        "1000" : 0.000000
      },
      "latency_ms" : {
        "2" : 0.000000,
        "4" : 0.015561,
        "10" : 0.000000,
        "20" : 0.000000,
        "50" : 0.000000,
        "100" : 0.000000,
        "250" : 0.000000,
        "500" : 0.000000,
        "750" : 0.000000,
        "1000" : 0.000000,
        "2000" : 0.000000,
        ">=2000" : 0.000000
      },
      "latency_depth" : 1,
      "latency_target" : 0,
      "latency_percentile" : 100.000000,
      "latency_window" : 0
    }
  ],
  "disk_util" : [
    {
      "name" : "sda",
      "read_ios" : 109,
      "write_ios" : 38593,
      "read_sectors" : 4616,
      "write_sectors" : 411880,
      "read_merges" : 411,
      "write_merges" : 12874,
      "read_ticks" : 498,
      "write_ticks" : 58764,
      "in_queue" : 114369,
      "util" : 98.142182
    }
  ]
}
