{
  "fio version" : "fio-3.36",
  "timestamp" : 1774780230,
  "timestamp_ms" : 1774780230711,
  "time" : "Sun Mar 29 16:00:30 2026",
  "jobs" : [
    {
      "jobname" : "iostat_load",
      "groupid" : 0,
      "job_start" : 1774780200656,
      "error" : 0,
      "eta" : 0,
      "elapsed" : 31,
      "job options" : {
        "name" : "iostat_load",
        "filename" : "/home/ubuntuvm/fio_test/fio_testfile",
        "rw" : "randread",
        "bs" : "4k",
        "size" : "2g",
        "numjobs" : "1",
        "iodepth" : "32",
        "ioengine" : "libaio",
        "direct" : "1",
        "runtime" : "30"
      },
      "read" : {
        "io_bytes" : 3573526528,
        "io_kbytes" : 3489772,
        "bw_bytes" : 119113580,
        "bw" : 116321,
        "iops" : 29080.463985,
        "runtime" : 30001,
        "total_ios" : 872443,
        "short_ios" : 0,
        "drop_ios" : 0,
        "slat_ns" : {
          "min" : 2622,
          "max" : 8587983,
          "mean" : 30282.820176,
          "stddev" : 51095.549673,
          "N" : 872443
        },
        "clat_ns" : {
          "min" : 170516,
          "max" : 11230896,
          "mean" : 1068724.141443,
          "stddev" : 290568.476042,
          "N" : 872443,
          "percentile" : {
            "1.000000" : 774144,
            "5.000000" : 831488,
            "10.000000" : 864256,
            "20.000000" : 913408,
            "30.000000" : 962560,
            "40.000000" : 995328,
            "50.000000" : 1036288,
            "60.000000" : 1073152,
            "70.000000" : 1138688,
            "80.000000" : 1204224,
            "90.000000" : 1286144,
            "95.000000" : 1351680,
            "99.000000" : 1515520,
            "99.500000" : 1695744,
            "99.900000" : 6062080,
            "99.950000" : 6848512,
            "99.990000" : 9502720
          }
        },
        "lat_ns" : {
          "min" : 209971,
          "max" : 11278512,
          "mean" : 1099006.961619,
          "stddev" : 294742.156644,
          "N" : 872443
        },
        "bw_min" : 93609,
        "bw_max" : 133542,
        "bw_agg" : 100.000000,
        "bw_mean" : 116609.305085,
        "bw_dev" : 8750.442978,
        "bw_samples" : 59,
        "iops_min" : 23402,
        "iops_max" : 33385,
        "iops_mean" : 29152.067797,
        "iops_stddev" : 2187.604073,
        "iops_samples" : 59
      },
      "write" : {
        "io_bytes" : 0,
        "io_kbytes" : 0,
        "bw_bytes" : 0,
        "bw" : 0,
        "iops" : 0.000000,
        "runtime" : 0,
        "total_ios" : 0,
        "short_ios" : 0,
        "drop_ios" : 0,
        "slat_ns" : {
          "min" : 0,
          "max" : 0,
          "mean" : 0.000000,
          "stddev" : 0.000000,
          "N" : 0
        },
        "clat_ns" : {
          "min" : 0,
          "max" : 0,
          "mean" : 0.000000,
          "stddev" : 0.000000,
          "N" : 0
        },
        "lat_ns" : {
          "min" : 0,
          "max" : 0,
          "mean" : 0.000000,
          "stddev" : 0.000000,
          "N" : 0
        },
        "bw_min" : 0,
        "bw_max" : 0,
        "bw_agg" : 0.000000,
        "bw_mean" : 0.000000,
        "bw_dev" : 0.000000,
        "bw_samples" : 0,
        "iops_min" : 0,
        "iops_max" : 0,
        "iops_mean" : 0.000000,
        "iops_stddev" : 0.000000,
        "iops_samples" : 0
      },
      "trim" : {
        "io_bytes" : 0,
        "io_kbytes" : 0,
        "bw_bytes" : 0,
        "bw" : 0,
        "iops" : 0.000000,
        "runtime" : 0,
        "total_ios" : 0,
        "short_ios" : 0,
        "drop_ios" : 0,
        "slat_ns" : {
          "min" : 0,
          "max" : 0,
          "mean" : 0.000000,
          "stddev" : 0.000000,
          "N" : 0
        },
        "clat_ns" : {
          "min" : 0,
          "max" : 0,
          "mean" : 0.000000,
          "stddev" : 0.000000,
          "N" : 0
        },
        "lat_ns" : {
          "min" : 0,
          "max" : 0,
          "mean" : 0.000000,
          "stddev" : 0.000000,
          "N" : 0
        },
        "bw_min" : 0,
        "bw_max" : 0,
        "bw_agg" : 0.000000,
        "bw_mean" : 0.000000,
        "bw_dev" : 0.000000,
        "bw_samples" : 0,
        "iops_min" : 0,
        "iops_max" : 0,
        "iops_mean" : 0.000000,
        "iops_stddev" : 0.000000,
        "iops_samples" : 0
      },
      "sync" : {
        "total_ios" : 0,
        "lat_ns" : {
          "min" : 0,
          "max" : 0,
          "mean" : 0.000000,
          "stddev" : 0.000000,
          "N" : 0
        }
      },
      "job_runtime" : 30000,
      "usr_cpu" : 4.046667,
      "sys_cpu" : 95.786667,
      "ctx" : 510,
      "majf" : 0,
      "minf" : 44,
      "iodepth_level" : {
        "1" : 0.100000,
        "2" : 0.100000,
        "4" : 0.100000,
        "8" : 0.100000,
        "16" : 0.100000,
        "32" : 99.996447,
        ">=64" : 0.000000
      },
      "iodepth_submit" : {
        "0" : 0.000000,
        "4" : 100.000000,
        "8" : 0.000000,
        "16" : 0.000000,
        "32" : 0.000000,
        "64" : 0.000000,
        ">=64" : 0.000000
      },
      "iodepth_complete" : {
        "0" : 0.000000,
        "4" : 99.999885,
        "8" : 0.000000,
        "16" : 0.000000,
        "32" : 0.100000,
        "64" : 0.000000,
        ">=64" : 0.000000
      },
      "latency_ns" : {
        "2" : 0.000000,
        "4" : 0.000000,
        "10" : 0.000000,
        "20" : 0.000000,
        "50" : 0.000000,
        "100" : 0.000000,
        "250" : 0.000000,
        "500" : 0.000000,
        "750" : 0.000000,
        "1000" : 0.000000
      },
      "latency_us" : {
        "2" : 0.000000,
        "4" : 0.000000,
        "10" : 0.000000,
        "20" : 0.000000,
        "50" : 0.000000,
        "100" : 0.000000,
        "250" : 0.010000,
        "500" : 0.010000,
        "750" : 0.416417,
        "1000" : 40.485052
      },
      "latency_ms" : {
        "2" : 58.827797,
        "4" : 0.082183,
        "10" : 0.174797,
        "20" : 0.010000,
        "50" : 0.000000,
        "100" : 0.000000,
        "250" : 0.000000,
        "500" : 0.000000,
        "750" : 0.000000,
        "1000" : 0.000000,
        "2000" : 0.000000,
        ">=2000" : 0.000000
      },
      "latency_depth" : 32,
      "latency_target" : 0,
      "latency_percentile" : 100.000000,
      "latency_window" : 0
    }
  ],
  "disk_util" : [
    {
      "name" : "sda",
      "read_ios" : 866616,
      "write_ios" : 10,
      "read_sectors" : 6933400,
      "write_sectors" : 184,
      "read_merges" : 59,
      "write_merges" : 13,
      "read_ticks" : 168778,
      "write_ticks" : 19,
      "in_queue" : 168816,
      "util" : 87.437135
    }
  ]
}
