{
  "fio version" : "fio-3.36",
  "timestamp" : 1774779872,
  "timestamp_ms" : 1774779872649,
  "time" : "Sun Mar 29 15:54:32 2026",
  "jobs" : [
    {
      "jobname" : "mixed_rw",
      "groupid" : 0,
      "job_start" : 1774779811773,
      "error" : 0,
      "eta" : 0,
      "elapsed" : 62,
      "job options" : {
        "name" : "mixed_rw",
        "filename" : "/home/ubuntuvm/fio_test/fio_testfile",
        "rw" : "randrw",
        "rwmixread" : "70",
        "bs" : "4k",
        "size" : "2g",
        "numjobs" : "1",
        "iodepth" : "32",
        "ioengine" : "libaio",
        "direct" : "1",
        "runtime" : "60"
      },
      "read" : {
        "io_bytes" : 4316950528,
        "io_kbytes" : 4215772,
        "bw_bytes" : 71663715,
        "bw" : 69984,
        "iops" : 17496.024170,
        "runtime" : 60239,
        "total_ios" : 1053943,
        "short_ios" : 0,
        "drop_ios" : 0,
        "slat_ns" : {
          "min" : 2239,
          "max" : 8720246,
          "mean" : 27921.338834,
          "stddev" : 23158.512198,
          "N" : 1053943
        },
        "clat_ns" : {
          "min" : 1311,
          "max" : 347332411,
          "mean" : 1392277.794602,
          "stddev" : 8383452.768245,
          "N" : 1053943,
          "percentile" : {
            "1.000000" : 626688,
            "5.000000" : 757760,
            "10.000000" : 815104,
            "20.000000" : 864256,
            "30.000000" : 905216,
            "40.000000" : 937984,
            "50.000000" : 978944,
            "60.000000" : 1019904,
            "70.000000" : 1073152,
            "80.000000" : 1138688,
            "90.000000" : 1220608,
            "95.000000" : 1335296,
            "99.000000" : 4489216,
            "99.500000" : 5013504,
            "99.900000" : 181403648,
            "99.950000" : 240123904,
            "99.990000" : 304087040
          }
        },
        "lat_ns" : {
          "min" : 58701,
          "max" : 347340284,
          "mean" : 1420199.133436,
          "stddev" : 8383097.593178,
          "N" : 1053943
        },
        "bw_min" : 10679,
        "bw_max" : 99392,
        "bw_agg" : 100.000000,
        "bw_mean" : 71017.516949,
        "bw_dev" : 28060.647340,
        "bw_samples" : 118,
        "iops_min" : 2669,
        "iops_max" : 24848,
        "iops_mean" : 17754.194915,
        "iops_stddev" : 7015.252414,
        "iops_samples" : 118
      },
      "write" : {
        "io_bytes" : 1849913344,
        "io_kbytes" : 1806556,
        "bw_bytes" : 30709562,
        "bw" : 29989,
        "iops" : 7497.451817,
        "runtime" : 60239,
        "total_ios" : 451639,
        "short_ios" : 0,
        "drop_ios" : 0,
        "slat_ns" : {
          "min" : 2648,
          "max" : 1872139,
          "mean" : 29940.994814,
          "stddev" : 21905.826318,
          "N" : 451639
        },
        "clat_ns" : {
          "min" : 1048,
          "max" : 143543381,
          "mean" : 920361.884804,
          "stddev" : 914662.405608,
          "N" : 451639,
          "percentile" : {
            "1.000000" : 309248,
            "5.000000" : 651264,
            "10.000000" : 708608,
            "20.000000" : 774144,
            "30.000000" : 815104,
            "40.000000" : 847872,
            "50.000000" : 880640,
            "60.000000" : 929792,
            "70.000000" : 987136,
            "80.000000" : 1056768,
            "90.000000" : 1138688,
            "95.000000" : 1220608,
            "99.000000" : 1662976,
            "99.500000" : 1941504,
            "99.900000" : 3031040,
            "99.950000" : 4423680,
            "99.990000" : 27656192
          }
        },
        "lat_ns" : {
          "min" : 44605,
          "max" : 143546324,
          "mean" : 950302.879618,
          "stddev" : 915351.880470,
          "N" : 451639
        },
        "bw_min" : 4972,
        "bw_max" : 43640,
        "bw_agg" : 100.000000,
        "bw_mean" : 30431.567797,
        "bw_dev" : 12058.608052,
        "bw_samples" : 118,
        "iops_min" : 1243,
        "iops_max" : 10910,
        "iops_mean" : 7607.703390,
        "iops_stddev" : 3014.721453,
        "iops_samples" : 118
      },
      "trim" : {
        "io_bytes" : 0,
        "io_kbytes" : 0,
        "bw_bytes" : 0,
        "bw" : 0,
        "iops" : 0.000000,
        "runtime" : 0,
        "total_ios" : 0,
        "short_ios" : 0,
        "drop_ios" : 0,
        "slat_ns" : {
          "min" : 0,
          "max" : 0,
          "mean" : 0.000000,
          "stddev" : 0.000000,
          "N" : 0
        },
        "clat_ns" : {
          "min" : 0,
          "max" : 0,
          "mean" : 0.000000,
          "stddev" : 0.000000,
          "N" : 0
        },
        "lat_ns" : {
          "min" : 0,
          "max" : 0,
          "mean" : 0.000000,
          "stddev" : 0.000000,
          "N" : 0
        },
        "bw_min" : 0,
        "bw_max" : 0,
        "bw_agg" : 0.000000,
        "bw_mean" : 0.000000,
        "bw_dev" : 0.000000,
        "bw_samples" : 0,
        "iops_min" : 0,
        "iops_max" : 0,
        "iops_mean" : 0.000000,
        "iops_stddev" : 0.000000,
        "iops_samples" : 0
      },
      "sync" : {
        "total_ios" : 0,
        "lat_ns" : {
          "min" : 0,
          "max" : 0,
          "mean" : 0.000000,
          "stddev" : 0.000000,
          "N" : 0
        }
      },
      "job_runtime" : 60239,
      "usr_cpu" : 0.463155,
      "sys_cpu" : 73.859128,
      "ctx" : 351648,
      "majf" : 0,
      "minf" : 16,
      "iodepth_level" : {
        "1" : 0.100000,
        "2" : 0.100000,
        "4" : 0.100000,
        "8" : 0.100000,
        "16" : 0.100000,
        "32" : 99.997941,
        ">=64" : 0.000000
      },
      "iodepth_submit" : {
        "0" : 0.000000,
        "4" : 100.000000,
        "8" : 0.000000,
        "16" : 0.000000,
        "32" : 0.000000,
        "64" : 0.000000,
        ">=64" : 0.000000
      },
      "iodepth_complete" : {
        "0" : 0.000000,
        "4" : 99.999934,
        "8" : 0.000000,
        "16" : 0.000000,
        "32" : 0.100000,
        "64" : 0.000000,
        ">=64" : 0.000000
      },
      "latency_ns" : {
        "2" : 0.000000,
        "4" : 0.000000,
        "10" : 0.000000,
        "20" : 0.000000,
        "50" : 0.000000,
        "100" : 0.000000,
        "250" : 0.000000,
        "500" : 0.000000,
        "750" : 0.000000,
        "1000" : 0.000000
      },
      "latency_us" : {
        "2" : 0.010000,
        "4" : 0.010000,
        "10" : 0.010000,
        "20" : 0.010000,
        "50" : 0.010096,
        "100" : 0.079969,
        "250" : 0.182919,
        "500" : 0.552079,
        "750" : 7.038740,
        "1000" : 52.664883
      },
      "latency_ms" : {
        "2" : 37.655471,
        "4" : 0.568418,
        "10" : 1.058793,
        "20" : 0.020590,
        "50" : 0.049947,
        "100" : 0.033276,
        "250" : 0.053534,
        "500" : 0.029424,
        "750" : 0.000000,
        "1000" : 0.000000,
        "2000" : 0.000000,
        ">=2000" : 0.000000
      },
      "latency_depth" : 32,
      "latency_target" : 0,
      "latency_percentile" : 100.000000,
      "latency_window" : 0
    }
  ],
  "disk_util" : [
    {
      "name" : "sda",
      "read_ios" : 1053942,
      "write_ios" : 451698,
      "read_sectors" : 8432944,
      "write_sectors" : 3613936,
      "read_merges" : 176,
      "write_merges" : 24,
      "read_ticks" : 623628,
      "write_ticks" : 36217,
      "in_queue" : 660263,
      "util" : 73.649087
    }
  ]
}
