{
  "fio version" : "fio-3.36",
  "timestamp" : 1774779809,
  "timestamp_ms" : 1774779809280,
  "time" : "Sun Mar 29 15:53:29 2026",
  "jobs" : [
    {
      "jobname" : "rand_read",
      "groupid" : 0,
      "job_start" : 1774779749245,
      "error" : 0,
      "eta" : 0,
      "elapsed" : 61,
      "job options" : {
        "name" : "rand_read",
        "filename" : "/home/ubuntuvm/fio_test/fio_testfile",
        "rw" : "randread",
        "bs" : "4k",
        "size" : "2g",
        "numjobs" : "1",
        "iodepth" : "32",
        "ioengine" : "libaio",
        "direct" : "1",
        "runtime" : "60"
      },
      "read" : {
        "io_bytes" : 8538378240,
        "io_kbytes" : 8338260,
        "bw_bytes" : 142303932,
        "bw" : 138968,
        "iops" : 34742.170964,
        "runtime" : 60001,
        "total_ios" : 2084565,
        "short_ios" : 0,
        "drop_ios" : 0,
        "slat_ns" : {
          "min" : 2477,
          "max" : 85794596,
          "mean" : 26378.643857,
          "stddev" : 61428.077517,
          "N" : 2084565
        },
        "clat_ns" : {
          "min" : 71045,
          "max" : 86718538,
          "mean" : 893845.337271,
          "stddev" : 365068.879205,
          "N" : 2084565,
          "percentile" : {
            "1.000000" : 602112,
            "5.000000" : 675840,
            "10.000000" : 716800,
            "20.000000" : 782336,
            "30.000000" : 823296,
            "40.000000" : 856064,
            "50.000000" : 888832,
            "60.000000" : 913408,
            "70.000000" : 954368,
            "80.000000" : 995328,
            "90.000000" : 1056768,
            "95.000000" : 1105920,
            "99.000000" : 1253376,
            "99.500000" : 1368064,
            "99.900000" : 1744896,
            "99.950000" : 2056192,
            "99.990000" : 3457024
          }
        },
        "lat_ns" : {
          "min" : 81921,
          "max" : 86744506,
          "mean" : 920223.981128,
          "stddev" : 370916.134531,
          "N" : 2084565
        },
        "bw_min" : 101609,
        "bw_max" : 168184,
        "bw_agg" : 100.000000,
        "bw_mean" : 139219.571429,
        "bw_dev" : 12880.418790,
        "bw_samples" : 119,
        "iops_min" : 25402,
        "iops_max" : 42046,
        "iops_mean" : 34804.848739,
        "iops_stddev" : 3220.203567,
        "iops_samples" : 119
      },
      "write" : {
        "io_bytes" : 0,
        "io_kbytes" : 0,
        "bw_bytes" : 0,
        "bw" : 0,
        "iops" : 0.000000,
        "runtime" : 0,
        "total_ios" : 0,
        "short_ios" : 0,
        "drop_ios" : 0,
        "slat_ns" : {
          "min" : 0,
          "max" : 0,
          "mean" : 0.000000,
          "stddev" : 0.000000,
          "N" : 0
        },
        "clat_ns" : {
          "min" : 0,
          "max" : 0,
          "mean" : 0.000000,
          "stddev" : 0.000000,
          "N" : 0
        },
        "lat_ns" : {
          "min" : 0,
          "max" : 0,
          "mean" : 0.000000,
          "stddev" : 0.000000,
          "N" : 0
        },
        "bw_min" : 0,
        "bw_max" : 0,
        "bw_agg" : 0.000000,
        "bw_mean" : 0.000000,
        "bw_dev" : 0.000000,
        "bw_samples" : 0,
        "iops_min" : 0,
        "iops_max" : 0,
        "iops_mean" : 0.000000,
        "iops_stddev" : 0.000000,
        "iops_samples" : 0
      },
      "trim" : {
        "io_bytes" : 0,
        "io_kbytes" : 0,
        "bw_bytes" : 0,
        "bw" : 0,
        "iops" : 0.000000,
        "runtime" : 0,
        "total_ios" : 0,
        "short_ios" : 0,
        "drop_ios" : 0,
        "slat_ns" : {
          "min" : 0,
          "max" : 0,
          "mean" : 0.000000,
          "stddev" : 0.000000,
          "N" : 0
        },
        "clat_ns" : {
          "min" : 0,
          "max" : 0,
          "mean" : 0.000000,
          "stddev" : 0.000000,
          "N" : 0
        },
        "lat_ns" : {
          "min" : 0,
          "max" : 0,
          "mean" : 0.000000,
          "stddev" : 0.000000,
          "N" : 0
        },
        "bw_min" : 0,
        "bw_max" : 0,
        "bw_agg" : 0.000000,
        "bw_mean" : 0.000000,
        "bw_dev" : 0.000000,
        "bw_samples" : 0,
        "iops_min" : 0,
        "iops_max" : 0,
        "iops_mean" : 0.000000,
        "iops_stddev" : 0.000000,
        "iops_samples" : 0
      },
      "sync" : {
        "total_ios" : 0,
        "lat_ns" : {
          "min" : 0,
          "max" : 0,
          "mean" : 0.000000,
          "stddev" : 0.000000,
          "N" : 0
        }
      },
      "job_runtime" : 60000,
      "usr_cpu" : 0.253333,
      "sys_cpu" : 99.603333,
      "ctx" : 473,
      "majf" : 0,
      "minf" : 42,
      "iodepth_level" : {
        "1" : 0.100000,
        "2" : 0.100000,
        "4" : 0.100000,
        "8" : 0.100000,
        "16" : 0.100000,
        "32" : 99.998513,
        ">=64" : 0.000000
      },
      "iodepth_submit" : {
        "0" : 0.000000,
        "4" : 100.000000,
        "8" : 0.000000,
        "16" : 0.000000,
        "32" : 0.000000,
        "64" : 0.000000,
        ">=64" : 0.000000
      },
      "iodepth_complete" : {
        "0" : 0.000000,
        "4" : 99.999952,
        "8" : 0.000000,
        "16" : 0.000000,
        "32" : 0.100000,
        "64" : 0.000000,
        ">=64" : 0.000000
      },
      "latency_ns" : {
        "2" : 0.000000,
        "4" : 0.000000,
        "10" : 0.000000,
        "20" : 0.000000,
        "50" : 0.000000,
        "100" : 0.000000,
        "250" : 0.000000,
        "500" : 0.000000,
        "750" : 0.000000,
        "1000" : 0.000000
      },
      "latency_us" : {
        "2" : 0.000000,
        "4" : 0.000000,
        "10" : 0.000000,
        "20" : 0.000000,
        "50" : 0.000000,
        "100" : 0.010000,
        "250" : 0.010000,
        "500" : 0.035067,
        "750" : 14.332151,
        "1000" : 66.096380
      },
      "latency_ms" : {
        "2" : 19.481043,
        "4" : 0.047492,
        "10" : 0.010000,
        "20" : 0.010000,
        "50" : 0.000000,
        "100" : 0.010000,
        "250" : 0.000000,
        "500" : 0.000000,
        "750" : 0.000000,
        "1000" : 0.000000,
        "2000" : 0.000000,
        ">=2000" : 0.000000
      },
      "latency_depth" : 32,
      "latency_target" : 0,
      "latency_percentile" : 100.000000,
      "latency_window" : 0
    }
  ],
  "disk_util" : [
    {
      "name" : "sda",
      "read_ios" : 2078312,
      "write_ios" : 33,
      "read_sectors" : 16627456,
      "write_sectors" : 464,
      "read_merges" : 120,
      "write_merges" : 14,
      "read_ticks" : 429202,
      "write_ticks" : 19,
      "in_queue" : 429236,
      "util" : 67.302752
    }
  ]
}
