{
  "fio version" : "fio-3.36",
  "timestamp" : 1774779746,
  "timestamp_ms" : 1774779746669,
  "time" : "Sun Mar 29 15:52:26 2026",
  "jobs" : [
    {
      "jobname" : "rand_write",
      "groupid" : 0,
      "job_start" : 1774779686596,
      "error" : 0,
      "eta" : 0,
      "elapsed" : 61,
      "job options" : {
        "name" : "rand_write",
        "filename" : "/home/ubuntuvm/fio_test/fio_testfile",
        "rw" : "randwrite",
        "bs" : "4k",
        "size" : "2g",
        "numjobs" : "1",
        "iodepth" : "32",
        "ioengine" : "libaio",
        "direct" : "1",
        "runtime" : "60"
      },
      "read" : {
        "io_bytes" : 0,
        "io_kbytes" : 0,
        "bw_bytes" : 0,
        "bw" : 0,
        "iops" : 0.000000,
        "runtime" : 0,
        "total_ios" : 0,
        "short_ios" : 0,
        "drop_ios" : 0,
        "slat_ns" : {
          "min" : 0,
          "max" : 0,
          "mean" : 0.000000,
          "stddev" : 0.000000,
          "N" : 0
        },
        "clat_ns" : {
          "min" : 0,
          "max" : 0,
          "mean" : 0.000000,
          "stddev" : 0.000000,
          "N" : 0
        },
        "lat_ns" : {
          "min" : 0,
          "max" : 0,
          "mean" : 0.000000,
          "stddev" : 0.000000,
          "N" : 0
        },
        "bw_min" : 0,
        "bw_max" : 0,
        "bw_agg" : 0.000000,
        "bw_mean" : 0.000000,
        "bw_dev" : 0.000000,
        "bw_samples" : 0,
        "iops_min" : 0,
        "iops_max" : 0,
        "iops_mean" : 0.000000,
        "iops_stddev" : 0.000000,
        "iops_samples" : 0
      },
      "write" : {
        "io_bytes" : 2750107648,
        "io_kbytes" : 2685652,
        "bw_bytes" : 45834363,
        "bw" : 44760,
        "iops" : 11190.030166,
        "runtime" : 60001,
        "total_ios" : 671413,
        "short_ios" : 0,
        "drop_ios" : 0,
        "slat_ns" : {
          "min" : 2377,
          "max" : 5770390,
          "mean" : 32203.669740,
          "stddev" : 33801.337722,
          "N" : 671413
        },
        "clat_ns" : {
          "min" : 908,
          "max" : 1154126394,
          "mean" : 2826131.214494,
          "stddev" : 28684484.719963,
          "N" : 671413,
          "percentile" : {
            "1.000000" : 51456,
            "5.000000" : 321536,
            "10.000000" : 741376,
            "20.000000" : 823296,
            "30.000000" : 913408,
            "40.000000" : 1089536,
            "50.000000" : 1155072,
            "60.000000" : 1187840,
            "70.000000" : 1220608,
            "80.000000" : 1269760,
            "90.000000" : 1368064,
            "95.000000" : 1482752,
            "99.000000" : 1990656,
            "99.500000" : 22937600,
            "99.900000" : 513802240,
            "99.950000" : 574619648,
            "99.990000" : 692060160
          }
        },
        "lat_ns" : {
          "min" : 28620,
          "max" : 1154129494,
          "mean" : 2858334.884234,
          "stddev" : 28683348.149812,
          "N" : 671413
        },
        "bw_min" : 253,
        "bw_max" : 147976,
        "bw_agg" : 100.000000,
        "bw_mean" : 44813.483051,
        "bw_dev" : 48407.971427,
        "bw_samples" : 118,
        "iops_min" : 63,
        "iops_max" : 36994,
        "iops_mean" : 11203.033898,
        "iops_stddev" : 12102.089431,
        "iops_samples" : 118
      },
      "trim" : {
        "io_bytes" : 0,
        "io_kbytes" : 0,
        "bw_bytes" : 0,
        "bw" : 0,
        "iops" : 0.000000,
        "runtime" : 0,
        "total_ios" : 0,
        "short_ios" : 0,
        "drop_ios" : 0,
        "slat_ns" : {
          "min" : 0,
          "max" : 0,
          "mean" : 0.000000,
          "stddev" : 0.000000,
          "N" : 0
        },
        "clat_ns" : {
          "min" : 0,
          "max" : 0,
          "mean" : 0.000000,
          "stddev" : 0.000000,
          "N" : 0
        },
        "lat_ns" : {
          "min" : 0,
          "max" : 0,
          "mean" : 0.000000,
          "stddev" : 0.000000,
          "N" : 0
        },
        "bw_min" : 0,
        "bw_max" : 0,
        "bw_agg" : 0.000000,
        "bw_mean" : 0.000000,
        "bw_dev" : 0.000000,
        "bw_samples" : 0,
        "iops_min" : 0,
        "iops_max" : 0,
        "iops_mean" : 0.000000,
        "iops_stddev" : 0.000000,
        "iops_samples" : 0
      },
      "sync" : {
        "total_ios" : 0,
        "lat_ns" : {
          "min" : 0,
          "max" : 0,
          "mean" : 0.000000,
          "stddev" : 0.000000,
          "N" : 0
        }
      },
      "job_runtime" : 60000,
      "usr_cpu" : 1.083333,
      "sys_cpu" : 35.881667,
      "ctx" : 414044,
      "majf" : 0,
      "minf" : 13,
      "iodepth_level" : {
        "1" : 0.100000,
        "2" : 0.100000,
        "4" : 0.100000,
        "8" : 0.100000,
        "16" : 0.100000,
        "32" : 99.995383,
        ">=64" : 0.000000
      },
      "iodepth_submit" : {
        "0" : 0.000000,
        "4" : 100.000000,
        "8" : 0.000000,
        "16" : 0.000000,
        "32" : 0.000000,
        "64" : 0.000000,
        ">=64" : 0.000000
      },
      "iodepth_complete" : {
        "0" : 0.000000,
        "4" : 99.999851,
        "8" : 0.000000,
        "16" : 0.000000,
        "32" : 0.100000,
        "64" : 0.000000,
        ">=64" : 0.000000
      },
      "latency_ns" : {
        "2" : 0.000000,
        "4" : 0.000000,
        "10" : 0.000000,
        "20" : 0.000000,
        "50" : 0.000000,
        "100" : 0.000000,
        "250" : 0.000000,
        "500" : 0.000000,
        "750" : 0.000000,
        "1000" : 0.010000
      },
      "latency_us" : {
        "2" : 0.010000,
        "4" : 0.010000,
        "10" : 0.010000,
        "20" : 0.010000,
        "50" : 0.922234,
        "100" : 0.853871,
        "250" : 2.133411,
        "500" : 2.279819,
        "750" : 4.082584,
        "1000" : 24.662466
      },
      "latency_ms" : {
        "2" : 64.073380,
        "4" : 0.375626,
        "10" : 0.094577,
        "20" : 0.010000,
        "50" : 0.063001,
        "100" : 0.045278,
        "250" : 0.046916,
        "500" : 0.221175,
        "750" : 0.119896,
        "1000" : 0.010000,
        "2000" : 0.010000,
        ">=2000" : 0.000000
      },
      "latency_depth" : 32,
      "latency_target" : 0,
      "latency_percentile" : 100.000000,
      "latency_window" : 0
    }
  ],
  "disk_util" : [
    {
      "name" : "sda",
      "read_ios" : 144,
      "write_ios" : 669346,
      "read_sectors" : 14512,
      "write_sectors" : 5355264,
      "read_merges" : 676,
      "write_merges" : 54,
      "read_ticks" : 7660,
      "write_ticks" : 1230676,
      "in_queue" : 1241340,
      "util" : 89.581321
    }
  ]
}
