{
  "fio version" : "fio-3.36",
  "timestamp" : 1774779621,
  "timestamp_ms" : 1774779621423,
  "time" : "Sun Mar 29 15:50:21 2026",
  "jobs" : [
    {
      "jobname" : "seq_write",
      "groupid" : 0,
      "job_start" : 1774779559699,
      "error" : 0,
      "eta" : 0,
      "elapsed" : 62,
      "job options" : {
        "name" : "seq_write",
        "filename" : "/home/ubuntuvm/fio_test/fio_testfile",
        "rw" : "write",
        "bs" : "1m",
        "size" : "2g",
        "numjobs" : "1",
        "iodepth" : "32",
        "ioengine" : "libaio",
        "direct" : "1",
        "runtime" : "60"
      },
      "read" : {
        "io_bytes" : 0,
        "io_kbytes" : 0,
        "bw_bytes" : 0,
        "bw" : 0,
        "iops" : 0.000000,
        "runtime" : 0,
        "total_ios" : 0,
        "short_ios" : 0,
        "drop_ios" : 0,
        "slat_ns" : {
          "min" : 0,
          "max" : 0,
          "mean" : 0.000000,
          "stddev" : 0.000000,
          "N" : 0
        },
        "clat_ns" : {
          "min" : 0,
          "max" : 0,
          "mean" : 0.000000,
          "stddev" : 0.000000,
          "N" : 0
        },
        "lat_ns" : {
          "min" : 0,
          "max" : 0,
          "mean" : 0.000000,
          "stddev" : 0.000000,
          "N" : 0
        },
        "bw_min" : 0,
        "bw_max" : 0,
        "bw_agg" : 0.000000,
        "bw_mean" : 0.000000,
        "bw_dev" : 0.000000,
        "bw_samples" : 0,
        "iops_min" : 0,
        "iops_max" : 0,
        "iops_mean" : 0.000000,
        "iops_stddev" : 0.000000,
        "iops_samples" : 0
      },
      "write" : {
        "io_bytes" : 21033385984,
        "io_kbytes" : 20540416,
        "bw_bytes" : 350346225,
        "bw" : 342134,
        "iops" : 334.116197,
        "runtime" : 60036,
        "total_ios" : 20059,
        "short_ios" : 0,
        "drop_ios" : 0,
        "slat_ns" : {
          "min" : 32210,
          "max" : 4113337589,
          "mean" : 874497.830899,
          "stddev" : 48137472.658139,
          "N" : 20059
        },
        "clat_ns" : {
          "min" : 896635,
          "max" : 8408266870,
          "mean" : 94886617.925122,
          "stddev" : 497996329.327637,
          "N" : 20059,
          "percentile" : {
            "1.000000" : 27656192,
            "5.000000" : 31064064,
            "10.000000" : 32374784,
            "20.000000" : 34340864,
            "30.000000" : 35913728,
            "40.000000" : 37486592,
            "50.000000" : 38535168,
            "60.000000" : 39583744,
            "70.000000" : 41156608,
            "80.000000" : 43778048,
            "90.000000" : 49020928,
            "95.000000" : 53215232,
            "99.000000" : 2835349504,
            "99.500000" : 4731174912,
            "99.900000" : 6610223104,
            "99.950000" : 7214202880,
            "99.990000" : 8153726976
          }
        },
        "lat_ns" : {
          "min" : 1138559,
          "max" : 8408353569,
          "mean" : 95761115.756019,
          "stddev" : 501404920.412291,
          "N" : 20059
        },
        "bw_min" : 1592,
        "bw_max" : 870706,
        "bw_agg" : 100.000000,
        "bw_mean" : 436085.440860,
        "bw_dev" : 406567.561512,
        "bw_samples" : 93,
        "iops_min" : 1,
        "iops_max" : 850,
        "iops_mean" : 425.354839,
        "iops_stddev" : 397.340606,
        "iops_samples" : 93
      },
      "trim" : {
        "io_bytes" : 0,
        "io_kbytes" : 0,
        "bw_bytes" : 0,
        "bw" : 0,
        "iops" : 0.000000,
        "runtime" : 0,
        "total_ios" : 0,
        "short_ios" : 0,
        "drop_ios" : 0,
        "slat_ns" : {
          "min" : 0,
          "max" : 0,
          "mean" : 0.000000,
          "stddev" : 0.000000,
          "N" : 0
        },
        "clat_ns" : {
          "min" : 0,
          "max" : 0,
          "mean" : 0.000000,
          "stddev" : 0.000000,
          "N" : 0
        },
        "lat_ns" : {
          "min" : 0,
          "max" : 0,
          "mean" : 0.000000,
          "stddev" : 0.000000,
          "N" : 0
        },
        "bw_min" : 0,
        "bw_max" : 0,
        "bw_agg" : 0.000000,
        "bw_mean" : 0.000000,
        "bw_dev" : 0.000000,
        "bw_samples" : 0,
        "iops_min" : 0,
        "iops_max" : 0,
        "iops_mean" : 0.000000,
        "iops_stddev" : 0.000000,
        "iops_samples" : 0
      },
      "sync" : {
        "total_ios" : 0,
        "lat_ns" : {
          "min" : 0,
          "max" : 0,
          "mean" : 0.000000,
          "stddev" : 0.000000,
          "N" : 0
        }
      },
      "job_runtime" : 60035,
      "usr_cpu" : 2.301991,
      "sys_cpu" : 3.378029,
      "ctx" : 12915,
      "majf" : 0,
      "minf" : 12,
      "iodepth_level" : {
        "1" : 0.100000,
        "2" : 0.100000,
        "4" : 0.100000,
        "8" : 0.100000,
        "16" : 0.100000,
        "32" : 99.845456,
        ">=64" : 0.000000
      },
      "iodepth_submit" : {
        "0" : 0.000000,
        "4" : 100.000000,
        "8" : 0.000000,
        "16" : 0.000000,
        "32" : 0.000000,
        "64" : 0.000000,
        ">=64" : 0.000000
      },
      "iodepth_complete" : {
        "0" : 0.000000,
        "4" : 99.995007,
        "8" : 0.000000,
        "16" : 0.000000,
        "32" : 0.100000,
        "64" : 0.000000,
        ">=64" : 0.000000
      },
      "latency_ns" : {
        "2" : 0.000000,
        "4" : 0.000000,
        "10" : 0.000000,
        "20" : 0.000000,
        "50" : 0.000000,
        "100" : 0.000000,
        "250" : 0.000000,
        "500" : 0.000000,
        "750" : 0.000000,
        "1000" : 0.000000
      },
      "latency_us" : {
        "2" : 0.000000,
        "4" : 0.000000,
        "10" : 0.000000,
        "20" : 0.000000,
        "50" : 0.000000,
        "100" : 0.000000,
        "250" : 0.000000,
        "500" : 0.000000,
        "750" : 0.000000,
        "1000" : 0.010000
      },
      "latency_ms" : {
        "2" : 0.010000,
        "4" : 0.010000,
        "10" : 0.099706,
        "20" : 0.319059,
        "50" : 90.911810,
        "100" : 7.009322,
        "250" : 0.024926,
        "500" : 0.049853,
        "750" : 0.010000,
        "1000" : 0.194426,
        "2000" : 0.189441,
        ">=2000" : 1.166559
      },
      "latency_depth" : 32,
      "latency_target" : 0,
      "latency_percentile" : 100.000000,
      "latency_window" : 0
    }
  ],
  "disk_util" : [
    {
      "name" : "sda",
      "read_ios" : 146,
      "write_ios" : 20607,
      "read_sectors" : 9984,
      "write_sectors" : 40889312,
      "read_merges" : 514,
      "write_merges" : 706,
      "read_ticks" : 29199,
      "write_ticks" : 1738438,
      "in_queue" : 1785203,
      "util" : 95.656889
    }
  ]
}
