{
  "fio version" : "fio-3.36",
  "timestamp" : 1774779683,
  "timestamp_ms" : 1774779683978,
  "time" : "Sun Mar 29 15:51:23 2026",
  "jobs" : [
    {
      "jobname" : "seq_read",
      "groupid" : 0,
      "job_start" : 1774779623910,
      "error" : 0,
      "eta" : 0,
      "elapsed" : 61,
      "job options" : {
        "name" : "seq_read",
        "filename" : "/home/ubuntuvm/fio_test/fio_testfile",
        "rw" : "read",
        "bs" : "1m",
        "size" : "2g",
        "numjobs" : "1",
        "iodepth" : "32",
        "ioengine" : "libaio",
        "direct" : "1",
        "runtime" : "60"
      },
      "read" : {
        "io_bytes" : 82011226112,
        "io_kbytes" : 80089088,
        "bw_bytes" : 1366216200,
        "bw" : 1334195,
        "iops" : 1302.925302,
        "runtime" : 60028,
        "total_ios" : 78212,
        "short_ios" : 0,
        "drop_ios" : 0,
        "slat_ns" : {
          "min" : 17597,
          "max" : 8450033,
          "mean" : 50643.638521,
          "stddev" : 79751.091440,
          "N" : 78212
        },
        "clat_ns" : {
          "min" : 7329824,
          "max" : 56959524,
          "mean" : 24501048.722971,
          "stddev" : 2228381.749956,
          "N" : 78212,
          "percentile" : {
            "1.000000" : 20840448,
            "5.000000" : 22413312,
            "10.000000" : 22675456,
            "20.000000" : 22937600,
            "30.000000" : 23199744,
            "40.000000" : 23461888,
            "50.000000" : 23986176,
            "60.000000" : 24248320,
            "70.000000" : 24772608,
            "80.000000" : 25559040,
            "90.000000" : 27656192,
            "95.000000" : 29491200,
            "99.000000" : 31588352,
            "99.500000" : 32112640,
            "99.900000" : 35389440,
            "99.950000" : 39059456,
            "99.990000" : 51642368
          }
        },
        "lat_ns" : {
          "min" : 7977751,
          "max" : 57000830,
          "mean" : 24551692.361492,
          "stddev" : 2228387.061623,
          "N" : 78212
        },
        "bw_min" : 1077141,
        "bw_max" : 1437696,
        "bw_agg" : 100.000000,
        "bw_mean" : 1337179.168067,
        "bw_dev" : 95239.077859,
        "bw_samples" : 119,
        "iops_min" : 1051,
        "iops_max" : 1404,
        "iops_mean" : 1305.689076,
        "iops_stddev" : 93.150757,
        "iops_samples" : 119
      },
      "write" : {
        "io_bytes" : 0,
        "io_kbytes" : 0,
        "bw_bytes" : 0,
        "bw" : 0,
        "iops" : 0.000000,
        "runtime" : 0,
        "total_ios" : 0,
        "short_ios" : 0,
        "drop_ios" : 0,
        "slat_ns" : {
          "min" : 0,
          "max" : 0,
          "mean" : 0.000000,
          "stddev" : 0.000000,
          "N" : 0
        },
        "clat_ns" : {
          "min" : 0,
          "max" : 0,
          "mean" : 0.000000,
          "stddev" : 0.000000,
          "N" : 0
        },
        "lat_ns" : {
          "min" : 0,
          "max" : 0,
          "mean" : 0.000000,
          "stddev" : 0.000000,
          "N" : 0
        },
        "bw_min" : 0,
        "bw_max" : 0,
        "bw_agg" : 0.000000,
        "bw_mean" : 0.000000,
        "bw_dev" : 0.000000,
        "bw_samples" : 0,
        "iops_min" : 0,
        "iops_max" : 0,
        "iops_mean" : 0.000000,
        "iops_stddev" : 0.000000,
        "iops_samples" : 0
      },
      "trim" : {
        "io_bytes" : 0,
        "io_kbytes" : 0,
        "bw_bytes" : 0,
        "bw" : 0,
        "iops" : 0.000000,
        "runtime" : 0,
        "total_ios" : 0,
        "short_ios" : 0,
        "drop_ios" : 0,
        "slat_ns" : {
          "min" : 0,
          "max" : 0,
          "mean" : 0.000000,
          "stddev" : 0.000000,
          "N" : 0
        },
        "clat_ns" : {
          "min" : 0,
          "max" : 0,
          "mean" : 0.000000,
          "stddev" : 0.000000,
          "N" : 0
        },
        "lat_ns" : {
          "min" : 0,
          "max" : 0,
          "mean" : 0.000000,
          "stddev" : 0.000000,
          "N" : 0
        },
        "bw_min" : 0,
        "bw_max" : 0,
        "bw_agg" : 0.000000,
        "bw_mean" : 0.000000,
        "bw_dev" : 0.000000,
        "bw_samples" : 0,
        "iops_min" : 0,
        "iops_max" : 0,
        "iops_mean" : 0.000000,
        "iops_stddev" : 0.000000,
        "iops_samples" : 0
      },
      "sync" : {
        "total_ios" : 0,
        "lat_ns" : {
          "min" : 0,
          "max" : 0,
          "mean" : 0.000000,
          "stddev" : 0.000000,
          "N" : 0
        }
      },
      "job_runtime" : 60027,
      "usr_cpu" : 0.754660,
      "sys_cpu" : 10.410315,
      "ctx" : 77601,
      "majf" : 0,
      "minf" : 8203,
      "iodepth_level" : {
        "1" : 0.100000,
        "2" : 0.100000,
        "4" : 0.100000,
        "8" : 0.100000,
        "16" : 0.100000,
        "32" : 99.960364,
        ">=64" : 0.000000
      },
      "iodepth_submit" : {
        "0" : 0.000000,
        "4" : 100.000000,
        "8" : 0.000000,
        "16" : 0.000000,
        "32" : 0.000000,
        "64" : 0.000000,
        ">=64" : 0.000000
      },
      "iodepth_complete" : {
        "0" : 0.000000,
        "4" : 99.998721,
        "8" : 0.000000,
        "16" : 0.000000,
        "32" : 0.100000,
        "64" : 0.000000,
        ">=64" : 0.000000
      },
      "latency_ns" : {
        "2" : 0.000000,
        "4" : 0.000000,
        "10" : 0.000000,
        "20" : 0.000000,
        "50" : 0.000000,
        "100" : 0.000000,
        "250" : 0.000000,
        "500" : 0.000000,
        "750" : 0.000000,
        "1000" : 0.000000
      },
      "latency_us" : {
        "2" : 0.000000,
        "4" : 0.000000,
        "10" : 0.000000,
        "20" : 0.000000,
        "50" : 0.000000,
        "100" : 0.000000,
        "250" : 0.000000,
        "500" : 0.000000,
        "750" : 0.000000,
        "1000" : 0.000000
      },
      "latency_ms" : {
        "2" : 0.000000,
        "4" : 0.000000,
        "10" : 0.019179,
        "20" : 0.336266,
        "50" : 99.634327,
        "100" : 0.010229,
        "250" : 0.000000,
        "500" : 0.000000,
        "750" : 0.000000,
        "1000" : 0.000000,
        "2000" : 0.000000,
        ">=2000" : 0.000000
      },
      "latency_depth" : 32,
      "latency_target" : 0,
      "latency_percentile" : 100.000000,
      "latency_window" : 0
    }
  ],
  "disk_util" : [
    {
      "name" : "sda",
      "read_ios" : 78043,
      "write_ios" : 32,
      "read_sectors" : 159913048,
      "write_sectors" : 448,
      "read_merges" : 178,
      "write_merges" : 15,
      "read_ticks" : 1911211,
      "write_ticks" : 795,
      "in_queue" : 1912161,
      "util" : 93.812042
    }
  ]
}
